title,memory,price,date
NVIDIA GeForce GT 730 (64 bits DDR3), 4 GB GDDR3 (64 bit),99990,28-4-2022
NVIDIA GeForce GT 730 (128 bits DDR3), 4 GB DDR3 (128 bit),132900,28-4-2022
NVIDIA GeForce GTX 1050 Ti, 4 GB GDDR5 (128 bit),220000,28-4-2022
NVIDIA GeForce GTX 1050 Ti, 4 GB GDDR5 (128 bit),229236,28-4-2022
NVIDIA GeForce GTX 1050 Ti, 4 GB GDDR5 (128 bit),229990,28-4-2022
NVIDIA GeForce GTX 1650 (GDDR6), 4 GB GDDR6 (128 bit),231790,28-4-2022
NVIDIA GeForce GTX 1650 (GDDR6), 4 GB GDDR6 (128 bit),238900,28-4-2022
NVIDIA GeForce GTX 1650 (GDDR5), 4 GB GDDR5 (128 bit),239600,28-4-2022
NVIDIA GeForce GTX 1050 Ti, 4 GB GDDR5 (128 bit),239800,28-4-2022
AMD Radeon RX 6400, 4 GB GDDR6 (64 bit),239900,28-4-2022
NVIDIA GeForce GTX 1050 Ti, 4 GB GDDR5 (128 bit),239990,28-4-2022
AMD Radeon RX 560, 4 GB GDDR5 (128 bit),249900,28-4-2022
NVIDIA GeForce GTX 1650 (GDDR6), 4 GB GDDR6 (128 bit),259900,28-4-2022
NVIDIA GeForce GTX 1650 (GDDR5), 4 GB GDDR5 (128 bit),259980,28-4-2022
NVIDIA GeForce GTX 1650 (GDDR5), 4 GB GDDR5 (128 bit),260900,28-4-2022
NVIDIA GeForce GTX 1650 (GDDR6), 4 GB GDDR6 (128 bit),260900,28-4-2022
NVIDIA GeForce GTX 1650 (GDDR5), 4 GB GDDR5 (128 bit),265900,28-4-2022
NVIDIA GeForce GTX 1650 (GDDR6), 4 GB GDDR6 (128 bit),268565,28-4-2022
NVIDIA GeForce GTX 1650 (GDDR6), 4 GB GDDR6 (128 bit),269952,28-4-2022
NVIDIA GeForce GTX 1650 (GDDR6), 4 GB GDDR6 (128 bit),269990,28-4-2022
NVIDIA GeForce GTX 1650 (GDDR5), 4 GB GDDR5 (128 bit),269990,28-4-2022
NVIDIA GeForce GTX 1650 (GDDR6), 4 GB GDDR6 (128 bit),270900,28-4-2022
NVIDIA GeForce GTX 1650 (GDDR5), 4 GB GDDR5 (128 bit),277248,28-4-2022
AMD Radeon RX 6500 XT, 4 GB GDDR6 (64 bit),278810,28-4-2022
AMD Radeon RX 6500 XT, 4 GB GDDR6 (64 bit),279000,28-4-2022
NVIDIA GeForce GTX 1650 (GDDR6), 4 GB GDDR6 (128 bit),279000,28-4-2022
AMD Radeon RX 6500 XT, 4 GB GDDR6 (64 bit),279900,28-4-2022
AMD Radeon RX 6500 XT, 4 GB GDDR6 (64 bit),279900,28-4-2022
AMD Radeon RX 6500 XT, 4 GB GDDR6 (64 bit),279990,28-4-2022
NVIDIA GeForce GTX 1650 (GDDR6), 4 GB GDDR6 (128 bit),281358,28-4-2022
AMD Radeon RX 6500 XT, 4 GB GDDR6 (64 bit),284990,28-4-2022
NVIDIA GeForce GTX 1650 Super, 4 GB GDDR6 (128 bit),289000,28-4-2022
AMD Radeon RX 6500 XT, 4 GB GDDR6 (64 bit),289990,28-4-2022
NVIDIA GeForce GTX 1650 Super, 4 GB GDDR6 (128 bit),289990,28-4-2022
NVIDIA GeForce GTX 1650 (GDDR6), 4 GB GDDR6 (128 bit),293990,28-4-2022
NVIDIA GeForce GTX 1650 (GDDR6), 4 GB GDDR6 (128 bit),294002,28-4-2022
NVIDIA GeForce GTX 1660 Ti, 6 GB GDDR6 (192 bit),299900,28-4-2022
NVIDIA GeForce GTX 1650 (GDDR5), 4 GB GDDR5 (128 bit),299990,28-4-2022
AMD Radeon RX 6500 XT, 4 GB GDDR6 (64 bit),299990,28-4-2022
AMD Radeon RX 6500 XT, 4 GB GDDR6 (64 bit),299990,28-4-2022
NVIDIA GeForce GTX 1650 (GDDR6), 4 GB GDDR6 (128 bit),319000,28-4-2022
NVIDIA GeForce GTX 1660 Super, 6 GB GDDR6 (192 bit),348970,28-4-2022
NVIDIA GeForce GTX 1660, 6 GB GDDR5 (192 bit),348980,28-4-2022
NVIDIA GeForce GTX 1650 (GDDR6), 4 GB GDDR6 (128 bit),349900,28-4-2022
NVIDIA GeForce GTX 1660 Super, 6 GB GDDR6 (192 bit),349990,28-4-2022
NVIDIA GeForce GTX 1650 (GDDR6), 4 GB GDDR6 (128 bit),349990,28-4-2022
NVIDIA GeForce GTX 1660, 6 GB GDDR5 (192 bit),358900,28-4-2022
NVIDIA GeForce GTX 1660 Super, 6 GB GDDR6 (192 bit),359000,28-4-2022
NVIDIA GeForce GTX 1650 (GDDR5), 4 GB GDDR5 (128 bit),360540,28-4-2022
NVIDIA GeForce GTX 1650 (GDDR6), 4 GB GDDR6 (128 bit),361900,28-4-2022
NVIDIA GeForce GTX 1660 Super, 6 GB GDDR6 (192 bit),369000,28-4-2022
NVIDIA GeForce GTX 1660 Super, 6 GB GDDR6 (192 bit),371900,28-4-2022
NVIDIA GeForce GTX 1660 Ti, 6 GB GDDR6 (192 bit),379000,28-4-2022
NVIDIA GeForce GTX 1660, 6 GB GDDR5 (192 bit),389990,28-4-2022
NVIDIA GeForce GTX 1660 Super, 6 GB GDDR6 (192 bit),389900,28-4-2022
NVIDIA GeForce GTX 1650 Super, 4 GB GDDR6 (128 bit),389900,28-4-2022
NVIDIA GeForce GTX 1660 Super, 6 GB GDDR6 (192 bit),389950,28-4-2022
NVIDIA GeForce GTX 1660 Ti, 6 GB GDDR6 (192 bit),389990,28-4-2022
NVIDIA GeForce GTX 1660 Super, 6 GB GDDR6 (192 bit),396900,28-4-2022
NVIDIA GeForce RTX 2060, 6 GB GDDR6 (192 bit),397752,28-4-2022
NVIDIA GeForce GTX 1650 (GDDR5), 4 GB GDDR5 (128 bit),399000,28-4-2022
NVIDIA GeForce RTX 3050, 8 GB GDDR6 (128 bit),399000,28-4-2022
NVIDIA GeForce RTX 3050, 8 GB GDDR6 (128 bit),399000,28-4-2022
NVIDIA GeForce RTX 2060, 6 GB GDDR6 (192 bit),399900,28-4-2022
NVIDIA GeForce GTX 1660 Ti, 6 GB GDDR6 (192 bit),399900,28-4-2022
NVIDIA GeForce GTX 1650 (GDDR6), 4 GB GDDR6 (128 bit),399900,28-4-2022
NVIDIA GeForce GTX 1660 Ti, 6 GB GDDR6 (192 bit),415264,28-4-2022
NVIDIA GeForce RTX 2060, 6 GB GDDR6 (192 bit),419990,28-4-2022
NVIDIA GeForce RTX 3050, 8 GB GDDR6 (128 bit),422990,28-4-2022
NVIDIA GeForce RTX 2060, 6 GB GDDR6 (192 bit),421990,28-4-2022
NVIDIA GeForce GTX 1660 Ti, 6 GB GDDR6 (192 bit),432113,28-4-2022
AMD Radeon RX 6600, 8 GB GDDR6 (128 bit),434890,28-4-2022
NVIDIA GeForce RTX 3050, 8 GB GDDR6 (128 bit),439990,28-4-2022
NVIDIA GeForce RTX 3050, 8 GB GDDR6 (128 bit),444900,28-4-2022
NVIDIA GeForce RTX 3050, 8 GB GDDR6 (128 bit),445000,28-4-2022
NVIDIA GeForce GTX 1660 Super, 6 GB GDDR6 (192 bit),447983,28-4-2022
NVIDIA GeForce GTX 1660 Ti, 6 GB GDDR6 (192 bit),449900,28-4-2022
NVIDIA GeForce RTX 3050, 8 GB GDDR6 (128 bit),449900,28-4-2022
NVIDIA GeForce RTX 2060, 6 GB GDDR6 (192 bit),449990,28-4-2022
NVIDIA GeForce GTX 1660 Ti, 6 GB GDDR6 (192 bit),449990,28-4-2022
NVIDIA GeForce RTX 3050, 8 GB GDDR6 (128 bit),449990,28-4-2022
NVIDIA GeForce RTX 2060, 6 GB GDDR6 (192 bit),459000,28-4-2022
NVIDIA GeForce GTX 1660 Super, 6 GB GDDR6 (192 bit),459990,28-4-2022
AMD Radeon RX 6600, 8 GB GDDR6 (128 bit),459990,28-4-2022
AMD Radeon RX 6600, 8 GB GDDR6 (128 bit),459990,28-4-2022
NVIDIA GeForce GTX 1660 Ti, 6 GB GDDR6 (192 bit),459990,28-4-2022
NVIDIA GeForce RTX 2060, 6 GB GDDR6 (192 bit),460000,28-4-2022
NVIDIA GeForce RTX 3050, 8 GB GDDR6 (128 bit),468490,28-4-2022
NVIDIA Quadro T1000, 4 GB GDDR6 (128 bit),469000,28-4-2022
NVIDIA GeForce RTX 3050, 8 GB GDDR6 (128 bit),469000,28-4-2022
NVIDIA GeForce RTX 3050, 8 GB GDDR6 (128 bit),469900,28-4-2022
AMD Radeon RX 6600, 8 GB GDDR6 (128 bit),484990,28-4-2022
NVIDIA GeForce GTX 1660 Super, 6 GB GDDR6 (192 bit),480210,28-4-2022
NVIDIA GeForce GTX 1660 Super, 6 GB GDDR6 (192 bit),484000,28-4-2022
NVIDIA GeForce RTX 3050, 8 GB GDDR6 (128 bit),487899,28-4-2022
NVIDIA GeForce RTX 2060, 12 GB GDDR6 (192 bit),489000,28-4-2022
AMD Radeon RX 6600, 8 GB GDDR6 (128 bit),494900,28-4-2022
NVIDIA GeForce RTX 2060, 12 GB GDDR6 (192 bit),494990,28-4-2022
NVIDIA GeForce RTX 3060, 12 GB GDDR6 (192 bit),499000,28-4-2022
NVIDIA GeForce RTX 2060, 12 GB GDDR6 (192 bit),499651,28-4-2022
NVIDIA GeForce RTX 3060, 12 GB GDDR6 (192 bit),499990,28-4-2022
AMD Radeon RX 6600, 8 GB GDDR6 (128 bit),499990,28-4-2022
NVIDIA GeForce RTX 3050, 8 GB GDDR6 (128 bit),499990,28-4-2022
NVIDIA GeForce GTX 1660 Super, 6 GB GDDR6 (192 bit),499990,28-4-2022
NVIDIA GeForce RTX 2060, 12 GB GDDR6 (192 bit),499990,28-4-2022
NVIDIA GeForce RTX 2060, 6 GB GDDR6 (192 bit),503500,28-4-2022
NVIDIA GeForce RTX 3060, 12 GB GDDR6 (192 bit),509000,28-4-2022
NVIDIA GeForce RTX 3060, 12 GB GDDR6 (192 bit),514990,28-4-2022
NVIDIA GeForce RTX 3060, 12 GB GDDR6 (192 bit),519000,28-4-2022
NVIDIA GeForce RTX 3060, 12 GB GDDR6 (192 bit),519000,28-4-2022
AMD Radeon RX 6600 XT, 8 GB GDDR6 (128 bit),519980,28-4-2022
NVIDIA GeForce RTX 3060, 12 GB GDDR6 (192 bit),519990,28-4-2022
NVIDIA GeForce RTX 3060, 12 GB GDDR6 (192 bit),519990,28-4-2022
NVIDIA GeForce RTX 3060, 12 GB GDDR6 (192 bit),523990,28-4-2022
AMD Radeon RX 6600 XT, 8 GB GDDR6 (128 bit),524990,28-4-2022
NVIDIA GeForce RTX 3050, 8 GB GDDR6 (128 bit),525900,28-4-2022
NVIDIA GeForce RTX 3060, 12 GB GDDR6 (192 bit),527900,28-4-2022
NVIDIA GeForce RTX 3060, 12 GB GDDR6 (192 bit),529990,28-4-2022
NVIDIA GeForce RTX 3050, 8 GB GDDR6 (128 bit),529990,28-4-2022
NVIDIA GeForce RTX 3060, 12 GB GDDR6 (192 bit),534990,28-4-2022
NVIDIA GeForce RTX 2060, 12 GB GDDR6 (192 bit),537490,28-4-2022
NVIDIA GeForce RTX 3060, 12 GB GDDR6 (192 bit),537900,28-4-2022
NVIDIA GeForce RTX 3060, 12 GB GDDR6 (192 bit),539000,28-4-2022
NVIDIA GeForce RTX 3060, 12 GB GDDR6 (192 bit),539990,28-4-2022
NVIDIA GeForce RTX 3060, 12 GB GDDR6 (192 bit),540900,28-4-2022
AMD Radeon RX 6600, 8 GB GDDR6 (128 bit),540990,28-4-2022
NVIDIA GeForce RTX 2060, 6 GB GDDR6 (192 bit),547990,28-4-2022
AMD Radeon RX 6600 XT, 8 GB GDDR6 (128 bit),549900,28-4-2022
AMD Radeon RX 6650 XT, 8 GB GDDR6 (128 bit),549990,28-4-2022
NVIDIA GeForce RTX 2060, 12 GB GDDR6 (192 bit),550000,28-4-2022
NVIDIA GeForce RTX 3060, 12 GB GDDR6 (192 bit),559990,28-4-2022
AMD Radeon RX 6600, 8 GB GDDR6 (128 bit),568747,28-4-2022
NVIDIA GeForce RTX 3060, 12 GB GDDR6 (192 bit),568990,28-4-2022
NVIDIA GeForce RTX 2060, 12 GB GDDR6 (192 bit),569900,28-4-2022
AMD Radeon RX 6600, 8 GB GDDR6 (128 bit),579990,28-4-2022
NVIDIA GeForce RTX 3060, 12 GB GDDR6 (192 bit),585025,28-4-2022
NVIDIA GeForce RTX 3060, 12 GB GDDR6 (192 bit),589990,28-4-2022
NVIDIA GeForce RTX 3060, 12 GB GDDR6 (192 bit),590000,28-4-2022
AMD Radeon RX 6600 XT, 8 GB GDDR6 (128 bit),599990,28-4-2022
NVIDIA GeForce RTX 2060, 6 GB GDDR6 (192 bit),599990,28-4-2022
NVIDIA GeForce RTX 3060, 12 GB GDDR6 (192 bit),599990,28-4-2022
AMD Radeon RX 6650 XT, 8 GB GDDR6 (128 bit),599990,28-4-2022
NVIDIA GeForce RTX 3060, 12 GB GDDR6 (192 bit),599990,28-4-2022
NVIDIA GeForce GTX 1660, 6 GB GDDR5 (192 bit),609990,28-4-2022
AMD Radeon RX 6600 XT, 8 GB GDDR6 (128 bit),617990,28-4-2022
AMD Radeon RX 6600 XT, 8 GB GDDR6 (128 bit),619900,28-4-2022
NVIDIA GeForce RTX 3060, 12 GB GDDR6 (192 bit),629900,28-4-2022
AMD Radeon RX 5700 XT, 8 GB GDDR6 (256 bit),629900,28-4-2022
AMD Radeon RX 6600 XT, 8 GB GDDR6 (128 bit),638900,28-4-2022
NVIDIA GeForce RTX 3060 Ti, 8 GB GDDR6 (256 bit),659000,28-4-2022
NVIDIA GeForce RTX 3060 Ti, 8 GB GDDR6 (256 bit),659900,28-4-2022
NVIDIA GeForce RTX 3060 Ti, 8 GB GDDR6 (256 bit),669000,28-4-2022
NVIDIA GeForce RTX 3060 Ti, 8 GB GDDR6 (256 bit),669392,28-4-2022
NVIDIA GeForce RTX 3060, 12 GB GDDR6 (192 bit),669990,28-4-2022
AMD Radeon RX 6700 XT, 12 GB GDDR6 (192 bit),669990,28-4-2022
AMD Radeon RX 6700 XT, 12 GB GDDR6 (192 bit),679990,28-4-2022
NVIDIA GeForce RTX 3060 Ti, 8 GB GDDR6 (256 bit),688700,28-4-2022
AMD Radeon RX 6700 XT, 12 GB GDDR6 (192 bit),689990,28-4-2022
AMD Radeon RX 6700 XT, 12 GB GDDR6 (192 bit),689990,28-4-2022
NVIDIA GeForce RTX 3060 Ti, 8 GB GDDR6 (256 bit),697990,28-4-2022
AMD Radeon RX 6700 XT, 12 GB GDDR6 (192 bit),699990,28-4-2022
NVIDIA GeForce RTX 3060 Ti, 8 GB GDDR6 (256 bit),726000,28-4-2022
NVIDIA GeForce RTX 3060 Ti, 8 GB GDDR6 (256 bit),729496,28-4-2022
NVIDIA GeForce RTX 3060, 12 GB GDDR6 (192 bit),729990,28-4-2022
NVIDIA GeForce RTX 3060 Ti, 8 GB GDDR6 (256 bit),739000,28-4-2022
NVIDIA GeForce RTX 3060 Ti, 8 GB GDDR6 (256 bit),749990,28-4-2022
NVIDIA GeForce RTX 3060, 12 GB GDDR6 (192 bit),749990,28-4-2022
NVIDIA GeForce RTX 3060 Ti, 8 GB GDDR6 (256 bit),769890,28-4-2022
AMD Radeon RX 6700 XT, 12 GB GDDR6 (192 bit),772236,28-4-2022
NVIDIA GeForce RTX 3060 Ti, 8 GB GDDR6 (256 bit),779990,28-4-2022
AMD Radeon RX 6700 XT, 12 GB GDDR6 (192 bit),785990,28-4-2022
AMD Radeon RX 6700 XT, 16.0 GB GDDR6 (192 bit),785990,28-4-2022
NVIDIA GeForce RTX 3060 Ti, 8 GB GDDR6 (256 bit),790000,28-4-2022
AMD Radeon RX 6700 XT, 12 GB GDDR6 (192 bit),799900,28-4-2022
NVIDIA GeForce RTX 3060 Ti, 8 GB GDDR6 (256 bit),799990,28-4-2022
AMD Radeon RX 6700 XT, 12 GB GDDR6 (192 bit),799990,28-4-2022
AMD Radeon RX 6700 XT, 12 GB GDDR6 (192 bit),834990,28-4-2022
NVIDIA GeForce RTX 3070, 8 GB GDDR6 (256 bit),838990,28-4-2022
NVIDIA GeForce RTX 3070, 8 GB GDDR6 (256 bit),839000,28-4-2022
NVIDIA GeForce RTX 3070, 8 GB GDDR6 (256 bit),849000,28-4-2022
NVIDIA GeForce RTX 3070, 8 GB GDDR6 (256 bit),849990,28-4-2022
NVIDIA GeForce RTX 3070, 8 GB GDDR6 (256 bit),850000,28-4-2022
NVIDIA GeForce RTX 3070 Ti, 8 GB GDDR6X (256 bit),859990,28-4-2022
NVIDIA GeForce RTX 3070 Ti, 8 GB GDDR6X (256 bit),879990,28-4-2022
NVIDIA GeForce RTX 3070, 8 GB GDDR6 (256 bit),879990,28-4-2022
NVIDIA GeForce RTX 3060 Ti, 8 GB GDDR6 (256 bit),882026,28-4-2022
NVIDIA GeForce RTX 3060 Ti, 8 GB GDDR6 (256 bit),889990,28-4-2022
NVIDIA GeForce RTX 3060 Ti, 8 GB GDDR6 (256 bit),899000,28-4-2022
NVIDIA GeForce RTX 3060 Ti, 8 GB GDDR6 (256 bit),899900,28-4-2022
AMD Radeon RX 6700 XT, 12 GB GDDR6 (192 bit),899990,28-4-2022
NVIDIA GeForce RTX 3070 Ti, 8 GB GDDR6X (256 bit),918490,28-4-2022
AMD Radeon RX 6700 XT, 12 GB GDDR6 (192 bit),919990,28-4-2022
NVIDIA GeForce RTX 3070 Ti, 8 GB GDDR6X (256 bit),925970,28-4-2022
NVIDIA GeForce RTX 3070, 8 GB GDDR6 (256 bit),960000,28-4-2022
AMD Radeon RX 6700 XT, 12 GB GDDR6 (192 bit),964900,28-4-2022
NVIDIA GeForce RTX 3070 Ti, 8 GB GDDR6X (256 bit),990000,28-4-2022
NVIDIA GeForce RTX 3070 Ti, 8 GB GDDR6X (256 bit),999900,28-4-2022
AMD Radeon RX 6700 XT, 12 GB GDDR6 (192 bit),999985,28-4-2022
NVIDIA GeForce RTX 3060 Ti, 8 GB GDDR6 (256 bit),999990,28-4-2022
NVIDIA GeForce RTX 3070 Ti, 8 GB GDDR6X (256 bit),999990,28-4-2022
NVIDIA GeForce RTX 3070 Ti, 8 GB GDDR6X (256 bit),999990,28-4-2022
NVIDIA GeForce RTX 3070 Ti, 8 GB GDDR6X (256 bit),1019900,28-4-2022
NVIDIA GeForce RTX 3080, 10.0 GB GDDR6X (320 bit),1049900,28-4-2022
NVIDIA GeForce RTX 3070 Ti, 8 GB GDDR6X (256 bit),1049900,28-4-2022
AMD Radeon RX 6800, 16.0 GB GDDR6 (256 bit),1049990,28-4-2022
NVIDIA GeForce RTX 3080, 10.0 GB GDDR6X (320 bit),1049900,28-4-2022
NVIDIA GeForce RTX 3070 Ti, 8 GB GDDR6X (256 bit),1049900,28-4-2022
NVIDIA GeForce RTX 3080, 10.0 GB GDDR6X (320 bit),1049990,28-4-2022
AMD Radeon RX 6800 XT, 16.0 GB GDDR6 (256 bit),1049990,28-4-2022
NVIDIA GeForce RTX 3070 Ti, 8 GB GDDR6X (256 bit),1050000,28-4-2022
NVIDIA GeForce RTX 3060 Ti, 8 GB GDDR6 (256 bit),1050000,28-4-2022
NVIDIA GeForce RTX 3080, 10.0 GB GDDR6X (320 bit),1053664,28-4-2022
NVIDIA GeForce RTX 3080, 10.0 GB GDDR6X (320 bit),1064990,28-4-2022
NVIDIA GeForce RTX 3070, 8 GB GDDR6 (256 bit),1089990,28-4-2022
AMD Radeon RX 6700 XT, 12 GB GDDR6 (192 bit),1099872,28-4-2022
NVIDIA GeForce RTX 3070 Ti, 8 GB GDDR6X (256 bit),1097240,28-4-2022
NVIDIA GeForce RTX 3080, 10.0 GB GDDR6X (320 bit),1099990,28-4-2022
AMD Radeon RX 6800 XT, 16.0 GB GDDR6 (256 bit),1134900,28-4-2022
NVIDIA GeForce RTX 3070 Ti, 8 GB GDDR6X (256 bit),1137990,28-4-2022
NVIDIA GeForce RTX 3070 Ti, 8 GB GDDR6X (256 bit),1180990,28-4-2022
AMD Radeon RX 6800 XT, 16.0 GB GDDR6 (256 bit),1189990,28-4-2022
AMD Radeon RX 6800, 16.0 GB GDDR6 (256 bit),1230250,28-4-2022
AMD Radeon RX 6900 XT, 16.0 GB GDDR6 (256 bit),1249990,28-4-2022
NVIDIA GeForce RTX 3070, 8 GB GDDR6 (256 bit),1257952,28-4-2022
NVIDIA GeForce RTX 3070 Ti, 8 GB GDDR6X (256 bit),1282491,28-4-2022
NVIDIA GeForce RTX 3080, 12 GB GDDR6X (384 bit),1290000,28-4-2022
AMD Radeon RX 6900 XT, 16.0 GB GDDR6 (256 bit),1299900,28-4-2022
NVIDIA GeForce RTX 3080, 10.0 GB GDDR6X (320 bit),1299000,28-4-2022
NVIDIA GeForce RTX 3080, 12 GB GDDR6X (384 bit),1299990,28-4-2022
AMD Radeon RX 6900 XT, 16.0 GB GDDR6 (256 bit),1324990,28-4-2022
NVIDIA GeForce RTX 3080, 10.0 GB GDDR6X (320 bit),1326666,28-4-2022
AMD Radeon RX 6900 XT, 16.0 GB GDDR6 (256 bit),1329640,28-4-2022
NVIDIA GeForce RTX 3080, 10.0 GB GDDR6X (320 bit),1347615,28-4-2022
NVIDIA GeForce RTX 3080, 10.0 GB GDDR6X (320 bit),1389888,28-4-2022
NVIDIA GeForce RTX 3080, 12 GB GDDR6X (320 bit),1389000,28-4-2022
NVIDIA GeForce RTX 3080 Ti, 12 GB GDDR6X (320 bit),1399000,28-4-2022
NVIDIA GeForce RTX 3080 Ti, 12 GB GDDR6X (320 bit),1399990,28-4-2022
NVIDIA GeForce RTX 3080 Ti, 12 GB GDDR6X (320 bit),1423494,28-4-2022
NVIDIA GeForce RTX 3080, 12 GB GDDR6X (384 bit),1457890,28-4-2022
AMD Radeon RX 6900 XT, 16.0 GB GDDR6 (256 bit),1457900,28-4-2022
NVIDIA GeForce RTX 3080, 12 GB GDDR6X (384 bit),1457890,28-4-2022
AMD Radeon RX 6900 XT, 16.0 GB GDDR6 (256 bit),1457900,28-4-2022
NVIDIA GeForce RTX 3080, 12 GB GDDR6X (384 bit),1483926,28-4-2022
AMD Radeon RX 6900 XT, 16.0 GB GDDR6 (256 bit),1485990,28-4-2022
NVIDIA GeForce RTX 3080, 10.0 GB GDDR6X (320 bit),1489900,28-4-2022
AMD Radeon RX 6900 XT, 16.0 GB GDDR6 (256 bit),1499900,28-4-2022
NVIDIA GeForce RTX 3080, 10.0 GB GDDR6X (320 bit),1499990,28-4-2022
NVIDIA GeForce RTX 3080, 10.0 GB GDDR6X (320 bit),1545900,28-4-2022
NVIDIA GeForce RTX 3080, 10.0 GB GDDR6X (320 bit),1549990,28-4-2022
NVIDIA GeForce RTX 3080, 12 GB GDDR6X (384 bit),1550000,28-4-2022
NVIDIA GeForce RTX 3080 Ti, 12 GB GDDR6X (384 bit),1569890,28-4-2022
NVIDIA GeForce RTX 3080 Ti, 12 GB GDDR6X (320 bit),1592990,28-4-2022
NVIDIA GeForce RTX 3080 Ti, 12 GB GDDR6X (384 bit),1649900,28-4-2022
NVIDIA GeForce RTX 3080 Ti, 12 GB GDDR6X (384 bit),1649900,28-4-2022
NVIDIA GeForce RTX 3080 Ti, 12 GB GDDR6X (384 bit),1694990,28-4-2022
AMD Radeon RX 6900 XT, 16.0 GB GDDR6 (256 bit),1702290,28-4-2022
AMD Radeon RX 6900 XT, 16.0 GB GDDR6 (256 bit),1756790,28-4-2022
NVIDIA GeForce RTX 3080 Ti, 12 GB GDDR6X (320 bit),1804544,28-4-2022
NVIDIA GeForce RTX 3080 Ti, 12 GB GDDR6X (384 bit),1799900,28-4-2022
AMD Radeon RX 6900 XT, 16.0 GB GDDR6 (256 bit),1800990,28-4-2022
NVIDIA GeForce RTX 3080 Ti, 12 GB GDDR6X (384 bit),1859000,28-4-2022
NVIDIA GeForce RTX 3080 Ti, 12 GB GDDR6X (384 bit),1887990,28-4-2022
NVIDIA GeForce RTX 3080 Ti, 12 GB GDDR6X (320 bit),1896540,28-4-2022
NVIDIA GeForce RTX 3080 Ti, 12 GB GDDR6X (384 bit),1990000,28-4-2022
NVIDIA GeForce RTX 3080 Ti, 12 GB GDDR6X (320 bit),2023846,28-4-2022
NVIDIA GeForce RTX 3080 Ti, 12 GB GDDR6X (320 bit),2044935,28-4-2022
AMD Radeon RX 6900 XT, 16.0 GB GDDR6 (256 bit),2089975,28-4-2022
NVIDIA GeForce RTX 3090, 24.0 GB GDDR6X (384 bit),2099000,28-4-2022
NVIDIA GeForce RTX 3080 Ti, 12 GB GDDR6X (384 bit),2149900,28-4-2022
NVIDIA GeForce RTX 3090, 24.0 GB GDDR6X (384 bit),2199990,28-4-2022
NVIDIA GeForce RTX 3090, 24.0 GB GDDR6X (384 bit),2199900,28-4-2022
NVIDIA GeForce RTX 3090, 24.0 GB GDDR6X (384 bit),2300000,28-4-2022
NVIDIA GeForce RTX 3090, 24.0 GB GDDR6X (384 bit),2335900,28-4-2022
NVIDIA GeForce RTX 3090, 24.0 GB GDDR6X (384 bit),2349990,28-4-2022
NVIDIA GeForce RTX 3090 Ti, 24.0 GB GDDR6X (384 bit),2399990,28-4-2022
NVIDIA GeForce RTX 3090 Ti, 24.0 GB GDDR6X (384 bit),2490000,28-4-2022
NVIDIA GeForce GT 730 (64 bits DDR3), 4 GB GDDR3 (64 bit),99990,5-5-2022
NVIDIA GeForce GT 730 (128 bits DDR3), 4 GB DDR3 (128 bit),139990,5-5-2022
NVIDIA GeForce GTX 1050 Ti, 4 GB GDDR5 (128 bit),199990,5-5-2022
NVIDIA GeForce GTX 1050 Ti, 4 GB GDDR5 (128 bit),209990,5-5-2022
NVIDIA GeForce GTX 1050 Ti, 4 GB GDDR5 (128 bit),219900,5-5-2022
AMD Radeon RX 6400, 4 GB GDDR6 (64 bit),219900,5-5-2022
NVIDIA GeForce GTX 1050 Ti, 4 GB GDDR5 (128 bit),220000,5-5-2022
NVIDIA GeForce GTX 1050 Ti, 4 GB GDDR5 (128 bit),229990,5-5-2022
NVIDIA Quadro T600, 4 GB GDDR6 (128 bit),229990,5-5-2022
NVIDIA GeForce GTX 1650 (GDDR5), 4 GB GDDR5 (128 bit),235990,5-5-2022
NVIDIA GeForce GTX 1650 (GDDR6), 4 GB GDDR6 (128 bit),236900,5-5-2022
NVIDIA GeForce GTX 1650 (GDDR6), 4 GB GDDR6 (128 bit),238900,5-5-2022
NVIDIA GeForce GTX 1650 (GDDR5), 4 GB GDDR5 (128 bit),248900,5-5-2022
AMD Radeon RX 6500 XT, 4 GB GDDR6 (64 bit),249900,5-5-2022
AMD Radeon RX 560, 4 GB GDDR5 (128 bit),249900,5-5-2022
NVIDIA GeForce GTX 1650 (GDDR6), 4 GB GDDR6 (128 bit),249900,5-5-2022
AMD Radeon Pro WX 3200, 4 GB GDDR5 (128 bit),249990,5-5-2022
NVIDIA GeForce GTX 1050 Ti, 4 GB GDDR5 (128 bit),249997,5-5-2022
NVIDIA GeForce GTX 1650 (GDDR6), 4 GB GDDR6 (128 bit),258900,5-5-2022
NVIDIA GeForce GTX 1650 (GDDR6), 4 GB GDDR6 (128 bit),259616,5-5-2022
NVIDIA GeForce GTX 1650 Super, 4 GB GDDR6 (128 bit),259990,5-5-2022
NVIDIA GeForce GTX 1650 (GDDR5), 4 GB GDDR5 (128 bit),260900,5-5-2022
NVIDIA GeForce GTX 1650 (GDDR6), 4 GB GDDR6 (128 bit),262000,5-5-2022
AMD Radeon RX 6500 XT, 4 GB GDDR6 (64 bit),267990,5-5-2022
AMD Radeon RX 6500 XT, 4 GB GDDR6 (64 bit),269690,5-5-2022
NVIDIA GeForce GTX 1650 (GDDR6), 4 GB GDDR6 (128 bit),269952,5-5-2022
NVIDIA GeForce GTX 1650 (GDDR5), 4 GB GDDR5 (128 bit),269990,5-5-2022
NVIDIA GeForce GTX 1650 (GDDR6), 4 GB GDDR6 (128 bit),269990,5-5-2022
AMD Radeon RX 6500 XT, 4 GB GDDR6 (64 bit),269990,5-5-2022
NVIDIA GeForce GTX 1650 (GDDR6), 4 GB GDDR6 (128 bit),270990,5-5-2022
AMD Radeon RX 6500 XT, 4 GB GDDR6 (64 bit),279000,5-5-2022
AMD Radeon RX 6500 XT, 4 GB GDDR6 (64 bit),279990,5-5-2022
NVIDIA GeForce GTX 1650 (GDDR5), 4 GB GDDR5 (128 bit),285990,5-5-2022
NVIDIA GeForce GTX 1650 (GDDR6), 4 GB GDDR6 (128 bit),289990,5-5-2022
NVIDIA GeForce GTX 1650 (GDDR6), 4 GB GDDR6 (128 bit),293990,5-5-2022
AMD Radeon RX 6500 XT, 4 GB GDDR6 (64 bit),294980,5-5-2022
NVIDIA GeForce GTX 1660 Ti, 6 GB GDDR6 (192 bit),298990,5-5-2022
NVIDIA GeForce GTX 1650 (GDDR6), 4 GB GDDR6 (128 bit),299900,5-5-2022
NVIDIA GeForce GTX 1650 (GDDR5), 4 GB GDDR5 (128 bit),299990,5-5-2022
AMD Radeon RX 6500 XT, 4 GB GDDR6 (64 bit),299990,5-5-2022
NVIDIA GeForce GTX 1650 (GDDR6), 4 GB GDDR6 (128 bit),299989,5-5-2022
NVIDIA GeForce GTX 1650 (GDDR6), 4 GB GDDR6 (128 bit),303872,5-5-2022
AMD Radeon RX 6500 XT, 4 GB GDDR6 (64 bit),320990,5-5-2022
NVIDIA GeForce GTX 1660 Super, 6 GB GDDR6 (192 bit),329000,5-5-2022
NVIDIA GeForce GTX 1660 Super, 6 GB GDDR6 (192 bit),332399,5-5-2022
NVIDIA GeForce GTX 1660, 6 GB GDDR5 (192 bit),337730,5-5-2022
NVIDIA GeForce GTX 1660 Ti, 6 GB GDDR6 (192 bit),339900,5-5-2022
NVIDIA GeForce GTX 1650 (GDDR6), 4 GB GDDR6 (128 bit),349900,5-5-2022
NVIDIA GeForce GTX 1660 Super, 6 GB GDDR6 (192 bit),349990,5-5-2022
NVIDIA GeForce GTX 1650 (GDDR6), 4 GB GDDR6 (128 bit),349990,5-5-2022
NVIDIA GeForce GTX 1650 (GDDR6), 4 GB GDDR6 (128 bit),351684,5-5-2022
NVIDIA GeForce GTX 1660, 6 GB GDDR5 (192 bit),358900,5-5-2022
NVIDIA GeForce GTX 1660, 6 GB GDDR5 (192 bit),358990,5-5-2022
NVIDIA GeForce GTX 1660 Super, 6 GB GDDR6 (192 bit),359990,5-5-2022
NVIDIA GeForce GTX 1660 Super, 6 GB GDDR6 (192 bit),359990,5-5-2022
NVIDIA GeForce GTX 1650 (GDDR5), 4 GB GDDR5 (128 bit),360540,5-5-2022
NVIDIA GeForce GTX 1660 Super, 6 GB GDDR6 (192 bit),365643,5-5-2022
NVIDIA GeForce GTX 1660 Super, 6 GB GDDR6 (192 bit),365900,5-5-2022
NVIDIA GeForce GTX 1660 Super, 6 GB GDDR6 (192 bit),368990,5-5-2022
NVIDIA GeForce RTX 3050, 8 GB GDDR6 (128 bit),375000,5-5-2022
NVIDIA GeForce RTX 2060, 6 GB GDDR6 (192 bit),376690,5-5-2022
NVIDIA GeForce GTX 1660 Ti, 6 GB GDDR6 (192 bit),379000,5-5-2022
NVIDIA GeForce GTX 1660 Ti, 6 GB GDDR6 (192 bit),388990,5-5-2022
NVIDIA GeForce GTX 1650 Super, 4 GB GDDR6 (128 bit),389900,5-5-2022
NVIDIA GeForce GTX 1660 Ti, 6 GB GDDR6 (192 bit),389990,5-5-2022
NVIDIA GeForce GTX 1660 Super, 6 GB GDDR6 (192 bit),396900,5-5-2022
NVIDIA GeForce RTX 3050, 8 GB GDDR6 (128 bit),398334,5-5-2022
NVIDIA GeForce GTX 1660 Ti, 6 GB GDDR6 (192 bit),398763,5-5-2022
NVIDIA GeForce GTX 1660 Ti, 6 GB GDDR6 (192 bit),398763,5-5-2022
NVIDIA GeForce GTX 1650 (GDDR5), 4 GB GDDR5 (128 bit),399000,5-5-2022
NVIDIA GeForce RTX 3050, 8 GB GDDR6 (128 bit),399000,5-5-2022
NVIDIA GeForce GTX 1660 Ti, 6 GB GDDR6 (192 bit),399900,5-5-2022
NVIDIA GeForce RTX 3050, 8 GB GDDR6 (128 bit),399900,5-5-2022
NVIDIA GeForce GTX 1650 (GDDR6), 4 GB GDDR6 (128 bit),399990,5-5-2022
NVIDIA GeForce RTX 2060, 6 GB GDDR6 (192 bit),399990,5-5-2022
NVIDIA GeForce GTX 1660 Ti, 6 GB GDDR6 (192 bit),399990,5-5-2022
NVIDIA GeForce RTX 3050, 8 GB GDDR6 (128 bit),409990,5-5-2022
NVIDIA GeForce RTX 2060, 6 GB GDDR6 (192 bit),417880,5-5-2022
NVIDIA GeForce RTX 2060, 6 GB GDDR6 (192 bit),419990,5-5-2022
NVIDIA GeForce RTX 2060, 6 GB GDDR6 (192 bit),419990,5-5-2022
NVIDIA GeForce RTX 3050, 8 GB GDDR6 (128 bit),427990,5-5-2022
NVIDIA GeForce RTX 3050, 8 GB GDDR6 (128 bit),428900,5-5-2022
NVIDIA GeForce GTX 1660, 6 GB GDDR5 (192 bit),429990,5-5-2022
NVIDIA GeForce RTX 3050, 8 GB GDDR6 (128 bit),439990,5-5-2022
NVIDIA GeForce RTX 2060, 6 GB GDDR6 (192 bit),439990,5-5-2022
NVIDIA GeForce GTX 1660 Ti, 6 GB GDDR6 (192 bit),439990,5-5-2022
AMD Radeon RX 6600, 8 GB GDDR6 (128 bit),439990,5-5-2022
NVIDIA GeForce RTX 3050, 8 GB GDDR6 (128 bit),443900,5-5-2022
NVIDIA GeForce GTX 1660 Super, 6 GB GDDR6 (192 bit),446374,5-5-2022
NVIDIA GeForce RTX 3050, 8 GB GDDR6 (128 bit),446404,5-5-2022
AMD Radeon RX 6600, 8 GB GDDR6 (128 bit),449990,5-5-2022
AMD Radeon RX 6600, 8 GB GDDR6 (128 bit),459900,5-5-2022
AMD Radeon RX 6600, 8 GB GDDR6 (128 bit),459990,5-5-2022
NVIDIA GeForce GTX 1660 Ti, 6 GB GDDR6 (192 bit),459990,5-5-2022
NVIDIA GeForce RTX 3050, 8 GB GDDR6 (128 bit),459990,5-5-2022
NVIDIA GeForce RTX 2060, 6 GB GDDR6 (192 bit),460000,5-5-2022
NVIDIA GeForce RTX 3050, 8 GB GDDR6 (128 bit),468490,5-5-2022
NVIDIA GeForce RTX 3050, 8 GB GDDR6 (128 bit),468900,5-5-2022
NVIDIA GeForce RTX 3060, 12 GB GDDR6 (192 bit),469000,5-5-2022
NVIDIA Quadro T1000, 4 GB GDDR6 (128 bit),469000,5-5-2022
NVIDIA GeForce RTX 2060, 12 GB GDDR6 (192 bit),469990,5-5-2022
NVIDIA GeForce RTX 2060, 6 GB GDDR6 (192 bit),480000,5-5-2022
NVIDIA GeForce RTX 3060, 12 GB GDDR6 (192 bit),483900,5-5-2022
NVIDIA GeForce GTX 1660 Super, 6 GB GDDR6 (192 bit),484000,5-5-2022
AMD Radeon RX 6600, 8 GB GDDR6 (128 bit),484990,5-5-2022
NVIDIA GeForce RTX 3050, 8 GB GDDR6 (128 bit),484990,5-5-2022
NVIDIA GeForce RTX 3060, 12 GB GDDR6 (192 bit),488900,5-5-2022
NVIDIA GeForce RTX 3060, 12 GB GDDR6 (192 bit),489000,5-5-2022
NVIDIA GeForce RTX 2060, 12 GB GDDR6 (192 bit),489000,5-5-2022
NVIDIA GeForce RTX 2060, 12 GB GDDR6 (192 bit),489900,5-5-2022
AMD Radeon RX 6600, 8 GB GDDR6 (128 bit),489990,5-5-2022
NVIDIA GeForce RTX 3060, 12 GB GDDR6 (192 bit),498900,5-5-2022
NVIDIA GeForce RTX 2060, 12 GB GDDR6 (192 bit),499651,5-5-2022
NVIDIA GeForce RTX 3060, 12 GB GDDR6 (192 bit),499900,5-5-2022
NVIDIA GeForce RTX 3060, 12 GB GDDR6 (192 bit),499970,5-5-2022
NVIDIA GeForce RTX 3050, 8 GB GDDR6 (128 bit),499990,5-5-2022
NVIDIA CMP 30HX, 6 GB GDDR6 (192 bit),499990,5-5-2022
NVIDIA GeForce RTX 2060, 12 GB GDDR6 (192 bit),499990,5-5-2022
AMD Radeon RX 6600 XT, 8 GB GDDR6 (128 bit),499990,5-5-2022
NVIDIA GeForce RTX 2060, 6 GB GDDR6 (192 bit),503500,5-5-2022
NVIDIA GeForce RTX 3060, 12 GB GDDR6 (192 bit),514890,5-5-2022
NVIDIA GeForce RTX 3060, 12 GB GDDR6 (192 bit),518000,5-5-2022
NVIDIA GeForce RTX 3060, 12 GB GDDR6 (192 bit),518980,5-5-2022
AMD Radeon RX 6600 XT, 8 GB GDDR6 (128 bit),519900,5-5-2022
NVIDIA GeForce RTX 3050, 8 GB GDDR6 (128 bit),519990,5-5-2022
NVIDIA GeForce GTX 1660 Super, 6 GB GDDR6 (192 bit),525990,5-5-2022
AMD Radeon RX 6650 XT, 8 GB GDDR6 (128 bit),528990,5-5-2022
NVIDIA GeForce RTX 3060, 12 GB GDDR6 (192 bit),529900,5-5-2022
AMD Radeon RX 6600, 8 GB GDDR6 (128 bit),540990,5-5-2022
NVIDIA GeForce RTX 2060, 6 GB GDDR6 (192 bit),547990,5-5-2022
NVIDIA GeForce RTX 3060, 12 GB GDDR6 (192 bit),547990,5-5-2022
NVIDIA GeForce RTX 2060, 12 GB GDDR6 (192 bit),549900,5-5-2022
NVIDIA GeForce RTX 2060, 12 GB GDDR6 (192 bit),550000,5-5-2022
NVIDIA GeForce RTX 2060, 6 GB GDDR6 (192 bit),554496,5-5-2022
NVIDIA GeForce RTX 3060 Ti, 8 GB GDDR6 (256 bit),559990,5-5-2022
AMD Radeon RX 6650 XT, 8 GB GDDR6 (128 bit),578990,5-5-2022
AMD Radeon RX 6600 XT, 8 GB GDDR6 (128 bit),579900,5-5-2022
NVIDIA GeForce RTX 3060, 12 GB GDDR6 (192 bit),579990,5-5-2022
AMD Radeon RX 6600, 8 GB GDDR6 (128 bit),579990,5-5-2022
AMD Radeon RX 6600 XT, 8 GB GDDR6 (128 bit),580900,5-5-2022
NVIDIA GeForce RTX 3060, 12 GB GDDR6 (192 bit),580990,5-5-2022
NVIDIA GeForce RTX 3060 Ti, 8 GB GDDR6 (256 bit),589990,5-5-2022
NVIDIA GeForce RTX 3060, 12 GB GDDR6 (192 bit),590000,5-5-2022
NVIDIA GeForce RTX 3060, 12 GB GDDR6 (192 bit),595990,5-5-2022
NVIDIA GeForce RTX 3060, 12 GB GDDR6 (192 bit),597990,5-5-2022
NVIDIA GeForce RTX 2060, 6 GB GDDR6 (192 bit),599990,5-5-2022
NVIDIA GeForce RTX 3060, 12 GB GDDR6 (192 bit),599990,5-5-2022
AMD Radeon RX 6600 XT, 8 GB GDDR6 (128 bit),619900,5-5-2022
AMD Radeon RX 5700 XT, 8 GB GDDR6 (256 bit),629900,5-5-2022
AMD Radeon RX 6600 XT, 8 GB GDDR6 (128 bit),629990,5-5-2022
NVIDIA GeForce RTX 3060 Ti, 8 GB GDDR6 (256 bit),639000,5-5-2022
NVIDIA GeForce RTX 3060, 12 GB GDDR6 (192 bit),639990,5-5-2022
AMD Radeon RX 6700 XT, 12 GB GDDR6 (192 bit),649990,5-5-2022
NVIDIA GeForce RTX 3060 Ti, 8 GB GDDR6 (256 bit),659000,5-5-2022
AMD Radeon RX 6700 XT, 12 GB GDDR6 (192 bit),659990,5-5-2022
NVIDIA GeForce RTX 3060 Ti, 8 GB GDDR6 (256 bit),664903,5-5-2022
AMD Radeon RX 6700 XT, 12 GB GDDR6 (192 bit),669990,5-5-2022
NVIDIA GeForce RTX 3060 Ti, 8 GB GDDR6 (256 bit),669990,5-5-2022
AMD Radeon RX 6700 XT, 12 GB GDDR6 (192 bit),679990,5-5-2022
NVIDIA GeForce RTX 3060, 12 GB GDDR6 (192 bit),679990,5-5-2022
NVIDIA GeForce RTX 3060 Ti, 8 GB GDDR6 (256 bit),679990,5-5-2022
NVIDIA GeForce RTX 3060 Ti, 8 GB GDDR6 (256 bit),684450,5-5-2022
NVIDIA GeForce RTX 3060 Ti, 8 GB GDDR6 (256 bit),686740,5-5-2022
NVIDIA GeForce RTX 3060 Ti, 8 GB GDDR6 (256 bit),697944,5-5-2022
NVIDIA GeForce RTX 3060 Ti, 8 GB GDDR6 (256 bit),699892,5-5-2022
NVIDIA GeForce RTX 3060 Ti, 8 GB GDDR6 (256 bit),699990,5-5-2022
NVIDIA GeForce RTX 3060, 12 GB GDDR6 (192 bit),709990,5-5-2022
NVIDIA GeForce RTX 3060 Ti, 8 GB GDDR6 (256 bit),719990,5-5-2022
NVIDIA GeForce RTX 3060 Ti, 8 GB GDDR6 (256 bit),719990,5-5-2022
AMD Radeon RX 6700 XT, 12 GB GDDR6 (192 bit),719990,5-5-2022
NVIDIA GeForce RTX 3070, 8 GB GDDR6 (256 bit),733305,5-5-2022
AMD Radeon RX 6700 XT, 12 GB GDDR6 (192 bit),749900,5-5-2022
NVIDIA GeForce RTX 3060, 12 GB GDDR6 (192 bit),749990,5-5-2022
NVIDIA GeForce RTX 3070, 8 GB GDDR6 (256 bit),749990,5-5-2022
AMD Radeon RX 6700 XT, 12 GB GDDR6 (192 bit),754860,5-5-2022
NVIDIA GeForce RTX 3070, 8 GB GDDR6 (256 bit),759998,5-5-2022
NVIDIA GeForce RTX 3070, 8 GB GDDR6 (256 bit),769990,5-5-2022
AMD Radeon RX 6700 XT, 12 GB GDDR6 (192 bit),785990,5-5-2022
AMD Radeon RX 6700 XT, 16.0 GB GDDR6 (192 bit),785990,5-5-2022
NVIDIA GeForce RTX 3060 Ti, 8 GB GDDR6 (256 bit),789900,5-5-2022
NVIDIA GeForce RTX 3060 Ti, 8 GB GDDR6 (256 bit),789990,5-5-2022
NVIDIA GeForce RTX 3060 Ti, 8 GB GDDR6 (256 bit),791990,5-5-2022
NVIDIA GeForce RTX 3060 Ti, 8 GB GDDR6 (256 bit),799990,5-5-2022
AMD Radeon RX 6800, 16.0 GB GDDR6 (256 bit),799990,5-5-2022
NVIDIA GeForce RTX 3070, 8 GB GDDR6 (256 bit),799990,5-5-2022
NVIDIA GeForce RTX 3070 Ti, 8 GB GDDR6X (256 bit),829990,5-5-2022
NVIDIA GeForce RTX 3070, 8 GB GDDR6 (256 bit),830535,5-5-2022
AMD Radeon RX 6700 XT, 12 GB GDDR6 (192 bit),834990,5-5-2022
NVIDIA GeForce RTX 3070, 8 GB GDDR6 (256 bit),838990,5-5-2022
NVIDIA GeForce RTX 3070, 8 GB GDDR6 (256 bit),839990,5-5-2022
NVIDIA GeForce RTX 3070, 8 GB GDDR6 (256 bit),849000,5-5-2022
NVIDIA GeForce RTX 3070, 8 GB GDDR6 (256 bit),849990,5-5-2022
NVIDIA GeForce RTX 3070, 8 GB GDDR6 (256 bit),850000,5-5-2022
NVIDIA GeForce RTX 3060 Ti, 8 GB GDDR6 (256 bit),854990,5-5-2022
NVIDIA GeForce RTX 3070 Ti, 8 GB GDDR6X (256 bit),884990,5-5-2022
NVIDIA GeForce RTX 3070 Ti, 8 GB GDDR6X (256 bit),887900,5-5-2022
NVIDIA GeForce RTX 3060 Ti, 8 GB GDDR6 (256 bit),889990,5-5-2022
AMD Radeon RX 6700 XT, 12 GB GDDR6 (192 bit),893197,5-5-2022
NVIDIA GeForce RTX 3070 Ti, 8 GB GDDR6X (256 bit),898990,5-5-2022
NVIDIA GeForce RTX 3060 Ti, 8 GB GDDR6 (256 bit),899000,5-5-2022
NVIDIA GeForce RTX 3070 Ti, 8 GB GDDR6X (256 bit),899900,5-5-2022
AMD Radeon RX 6700 XT, 12 GB GDDR6 (192 bit),899990,5-5-2022
NVIDIA GeForce RTX 3070 Ti, 8 GB GDDR6X (256 bit),899990,5-5-2022
AMD Radeon RX 6700 XT, 12 GB GDDR6 (192 bit),900018,5-5-2022
NVIDIA GeForce RTX 3070, 8 GB GDDR6 (256 bit),914990,5-5-2022
AMD Radeon RX 6700 XT, 12 GB GDDR6 (192 bit),919990,5-5-2022
NVIDIA GeForce RTX 3070, 8 GB GDDR6 (256 bit),919990,5-5-2022
NVIDIA GeForce RTX 3070 Ti, 8 GB GDDR6X (256 bit),919990,5-5-2022
AMD Radeon RX 6800, 16.0 GB GDDR6 (256 bit),929990,5-5-2022
AMD Radeon RX 6800 XT, 16.0 GB GDDR6 (256 bit),949990,5-5-2022
NVIDIA GeForce RTX 3070, 8 GB GDDR6 (256 bit),959990,5-5-2022
NVIDIA GeForce RTX 3080, 10.0 GB GDDR6X (320 bit),980000,5-5-2022
NVIDIA GeForce RTX 3070 Ti, 8 GB GDDR6X (256 bit),999900,5-5-2022
NVIDIA GeForce RTX 3070 Ti, 8 GB GDDR6X (256 bit),999900,5-5-2022
AMD Radeon RX 6700 XT, 12 GB GDDR6 (192 bit),999985,5-5-2022
NVIDIA GeForce RTX 3070 Ti, 8 GB GDDR6X (256 bit),999990,5-5-2022
NVIDIA GeForce RTX 3070 Ti, 8 GB GDDR6X (256 bit),999990,5-5-2022
NVIDIA GeForce RTX 3070 Ti, 8 GB GDDR6X (256 bit),999990,5-5-2022
NVIDIA GeForce RTX 3080, 12 GB GDDR6X (384 bit),999990,5-5-2022
NVIDIA GeForce RTX 3080, 10.0 GB GDDR6X (320 bit),999998,5-5-2022
NVIDIA GeForce RTX 3080, 10.0 GB GDDR6X (320 bit),1000800,5-5-2022
NVIDIA GeForce RTX 3070 Ti, 8 GB GDDR6X (256 bit),1019900,5-5-2022
AMD Radeon RX 6800 XT, 16.0 GB GDDR6 (256 bit),1039900,5-5-2022
AMD Radeon RX 6800 XT, 16.0 GB GDDR6 (256 bit),1049990,5-5-2022
NVIDIA GeForce RTX 3070 Ti, 8 GB GDDR6X (256 bit),1050000,5-5-2022
NVIDIA GeForce RTX 3060 Ti, 8 GB GDDR6 (256 bit),1050000,5-5-2022
NVIDIA GeForce RTX 3070 Ti, 8 GB GDDR6X (256 bit),1059990,5-5-2022
NVIDIA GeForce RTX 3080, 10.0 GB GDDR6X (320 bit),1068990,5-5-2022
NVIDIA GeForce RTX 3080, 12 GB GDDR6X (384 bit),1069990,5-5-2022
NVIDIA GeForce RTX 3070, 8 GB GDDR6 (256 bit),1089990,5-5-2022
NVIDIA GeForce RTX 3070 Ti, 8 GB GDDR6X (256 bit),1096980,5-5-2022
NVIDIA GeForce RTX 3070 Ti, 8 GB GDDR6X (256 bit),1097240,5-5-2022
AMD Radeon RX 6700 XT, 12 GB GDDR6 (192 bit),1097811,5-5-2022
AMD Radeon RX 6700 XT, 12 GB GDDR6 (192 bit),1099872,5-5-2022
NVIDIA GeForce RTX 3070, 8 GB GDDR6 (256 bit),1099990,5-5-2022
NVIDIA GeForce RTX 3080, 10.0 GB GDDR6X (320 bit),1159990,5-5-2022
AMD Radeon RX 6900 XT, 16.0 GB GDDR6 (256 bit),1199900,5-5-2022
NVIDIA GeForce RTX 3080, 12 GB GDDR6X (384 bit),1199990,5-5-2022
NVIDIA Quadro A4000, 16.0 GB GDDR6 (256 bit),1224290,5-5-2022
NVIDIA GeForce RTX 3070, 8 GB GDDR6 (256 bit),1225125,5-5-2022
AMD Radeon RX 6900 XT, 16.0 GB GDDR6 (256 bit),1249990,5-5-2022
NVIDIA GeForce RTX 3080, 10.0 GB GDDR6X (320 bit),1259000,5-5-2022
NVIDIA GeForce RTX 3080, 10.0 GB GDDR6X (320 bit),1279990,5-5-2022
NVIDIA GeForce RTX 3080, 10.0 GB GDDR6X (320 bit),1279990,5-5-2022
NVIDIA GeForce RTX 3070 Ti, 8 GB GDDR6X (256 bit),1282491,5-5-2022
AMD Radeon RX 6800 XT, 16.0 GB GDDR6 (256 bit),1298900,5-5-2022
NVIDIA GeForce RTX 3080, 10.0 GB GDDR6X (320 bit),1299000,5-5-2022
NVIDIA GeForce RTX 3080, 10.0 GB GDDR6X (320 bit),1299990,5-5-2022
AMD Radeon RX 6900 XT, 16.0 GB GDDR6 (256 bit),1329640,5-5-2022
NVIDIA GeForce RTX 3080, 10.0 GB GDDR6X (320 bit),1347615,5-5-2022
NVIDIA GeForce RTX 3080, 10.0 GB GDDR6X (320 bit),1349990,5-5-2022
AMD Radeon RX 6800 XT, 16.0 GB GDDR6 (256 bit),1359990,5-5-2022
NVIDIA GeForce RTX 3080, 10.0 GB GDDR6X (320 bit),1379990,5-5-2022
AMD Radeon RX 6900 XT, 16.0 GB GDDR6 (256 bit),1389900,5-5-2022
NVIDIA GeForce RTX 3080 Ti, 12 GB GDDR6X (320 bit),1399990,5-5-2022
NVIDIA GeForce RTX 3080, 10.0 GB GDDR6X (320 bit),1399990,5-5-2022
NVIDIA GeForce RTX 3080, 12 GB GDDR6X (384 bit),1450000,5-5-2022
AMD Radeon RX 6900 XT, 16.0 GB GDDR6 (256 bit),1485990,5-5-2022
NVIDIA GeForce RTX 3080, 12 GB GDDR6X (384 bit),1498980,5-5-2022
AMD Radeon RX 6900 XT, 16.0 GB GDDR6 (256 bit),1499000,5-5-2022
AMD Radeon RX 6900 XT, 16.0 GB GDDR6 (256 bit),1499990,5-5-2022
NVIDIA GeForce RTX 3080, 10.0 GB GDDR6X (320 bit),1499990,5-5-2022
NVIDIA GeForce RTX 3080 Ti, 12 GB GDDR6X (384 bit),1499990,5-5-2022
NVIDIA GeForce RTX 3080, 10.0 GB GDDR6X (320 bit),1509500,5-5-2022
NVIDIA GeForce RTX 3080, 10.0 GB GDDR6X (320 bit),1529990,5-5-2022
NVIDIA GeForce RTX 3080 Ti, 12 GB GDDR6X (320 bit),1549990,5-5-2022
NVIDIA GeForce RTX 3080, 12 GB GDDR6X (384 bit),1550000,5-5-2022
AMD Radeon RX 6900 XT, 16.0 GB GDDR6 (256 bit),1556150,5-5-2022
NVIDIA GeForce RTX 3080 Ti, 12 GB GDDR6X (384 bit),1569890,5-5-2022
NVIDIA GeForce RTX 3080 Ti, 12 GB GDDR6X (320 bit),1569900,5-5-2022
AMD Radeon RX 6900 XT, 16.0 GB GDDR6 (256 bit),1599900,5-5-2022
NVIDIA GeForce RTX 3080 Ti, 12 GB GDDR6X (384 bit),1649900,5-5-2022
NVIDIA GeForce RTX 3080 Ti, 12 GB GDDR6X (384 bit),1694990,5-5-2022
AMD Radeon RX 6900 XT, 16.0 GB GDDR6 (256 bit),1699990,5-5-2022
AMD Radeon RX 6900 XT, 16.0 GB GDDR6 (256 bit),1702290,5-5-2022
NVIDIA GeForce RTX 3080 Ti, 12 GB GDDR6X (320 bit),1783990,5-5-2022
NVIDIA GeForce RTX 3080 Ti, 12 GB GDDR6X (384 bit),1799900,5-5-2022
AMD Radeon RX 6900 XT, 16.0 GB GDDR6 (256 bit),1800990,5-5-2022
NVIDIA GeForce RTX 3080 Ti, 12 GB GDDR6X (384 bit),1859000,5-5-2022
NVIDIA GeForce RTX 3080 Ti, 12 GB GDDR6X (384 bit),1887990,5-5-2022
NVIDIA GeForce RTX 3080 Ti, 12 GB GDDR6X (320 bit),1896550,5-5-2022
NVIDIA GeForce RTX 3080 Ti, 12 GB GDDR6X (384 bit),1899990,5-5-2022
AMD Radeon RX 6900 XT, 16.0 GB GDDR6 (256 bit),1990810,5-5-2022
NVIDIA GeForce RTX 3080 Ti, 12 GB GDDR6X (320 bit),1999975,5-5-2022
NVIDIA GeForce RTX 3080, 10.0 GB GDDR6X (320 bit),1999990,5-5-2022
NVIDIA GeForce RTX 3080 Ti, 12 GB GDDR6X (320 bit),2023846,5-5-2022
NVIDIA GeForce RTX 3090, 24.0 GB GDDR6X (384 bit),2059990,5-5-2022
NVIDIA GeForce RTX 3090, 24.0 GB GDDR6X (384 bit),2099000,5-5-2022
NVIDIA GeForce GT 730 (64 bits DDR3), 4 GB GDDR3 (64 bit),99990,15-5-2022
NVIDIA GeForce GT 730 (128 bits DDR3), 4 GB DDR3 (128 bit),139990,15-5-2022
AMD Radeon RX 6400, 4 GB GDDR6 (64 bit),209999,15-5-2022
NVIDIA GeForce GTX 1050 Ti, 4 GB GDDR5 (128 bit),220000,15-5-2022
NVIDIA GeForce GTX 1650 (GDDR6), 4 GB GDDR6 (128 bit),229890,15-5-2022
NVIDIA GeForce GTX 1050 Ti, 4 GB GDDR5 (128 bit),229900,15-5-2022
NVIDIA GeForce GTX 1050 Ti, 4 GB GDDR5 (128 bit),229990,15-5-2022
NVIDIA Quadro T600, 4 GB GDDR6 (128 bit),229990,15-5-2022
NVIDIA GeForce GTX 1050 Ti, 4 GB GDDR5 (128 bit),229990,15-5-2022
NVIDIA GeForce GTX 1650 (GDDR5), 4 GB GDDR5 (128 bit),229990,15-5-2022
NVIDIA GeForce GTX 1050 Ti, 4 GB GDDR5 (128 bit),237386,15-5-2022
NVIDIA GeForce GTX 1650 (GDDR6), 4 GB GDDR6 (128 bit),239552,15-5-2022
NVIDIA GeForce GTX 1650 (GDDR5), 4 GB GDDR5 (128 bit),239999,15-5-2022
AMD Radeon RX 6500 XT, 4 GB GDDR6 (64 bit),239999,15-5-2022
AMD Radeon RX 560, 4 GB GDDR5 (128 bit),249900,15-5-2022
AMD Radeon Pro WX 3200, 4 GB GDDR5 (128 bit),249990,15-5-2022
NVIDIA GeForce GTX 1050 Ti, 4 GB GDDR5 (128 bit),249997,15-5-2022
NVIDIA GeForce GTX 1650 (GDDR6), 4 GB GDDR6 (128 bit),258900,15-5-2022
NVIDIA GeForce GTX 1050 Ti, 4 GB GDDR5 (128 bit),259900,15-5-2022
NVIDIA GeForce GTX 1650 (GDDR5), 4 GB GDDR5 (128 bit),259980,15-5-2022
AMD Radeon RX 6500 XT, 4 GB GDDR6 (64 bit),259989,15-5-2022
NVIDIA GeForce GTX 1650 (GDDR5), 4 GB GDDR5 (128 bit),260900,15-5-2022
NVIDIA GeForce GTX 1650 (GDDR6), 4 GB GDDR6 (128 bit),262000,15-5-2022
NVIDIA GeForce GTX 1650 (GDDR6), 4 GB GDDR6 (128 bit),263990,15-5-2022
NVIDIA GeForce GTX 1650 (GDDR5), 4 GB GDDR5 (128 bit),265900,15-5-2022
NVIDIA GeForce GTX 1650 (GDDR6), 4 GB GDDR6 (128 bit),269900,15-5-2022
NVIDIA GeForce GTX 1650 (GDDR6), 4 GB GDDR6 (128 bit),270990,15-5-2022
AMD Radeon RX 6500 XT, 4 GB GDDR6 (64 bit),274900,15-5-2022
AMD Radeon RX 6500 XT, 4 GB GDDR6 (64 bit),279000,15-5-2022
NVIDIA GeForce GTX 1650 (GDDR6), 4 GB GDDR6 (128 bit),279990,15-5-2022
NVIDIA GeForce GTX 1650 (GDDR5), 4 GB GDDR5 (128 bit),284872,15-5-2022
AMD Radeon RX 6500 XT, 4 GB GDDR6 (64 bit),284900,15-5-2022
NVIDIA GeForce GTX 1650 (GDDR6), 4 GB GDDR6 (128 bit),288000,15-5-2022
AMD Radeon RX 6500 XT, 4 GB GDDR6 (64 bit),288990,15-5-2022
NVIDIA GeForce GTX 1650 (GDDR6), 4 GB GDDR6 (128 bit),289990,15-5-2022
NVIDIA GeForce GTX 1650 (GDDR6), 4 GB GDDR6 (128 bit),289990,15-5-2022
NVIDIA GeForce GTX 1650 (GDDR6), 4 GB GDDR6 (128 bit),293990,15-5-2022
AMD Radeon RX 6500 XT, 4 GB GDDR6 (64 bit),294980,15-5-2022
NVIDIA GeForce GTX 1650 (GDDR6), 4 GB GDDR6 (128 bit),299900,15-5-2022
NVIDIA GeForce GTX 1650 (GDDR5), 4 GB GDDR5 (128 bit),299990,15-5-2022
AMD Radeon RX 6500 XT, 4 GB GDDR6 (64 bit),299990,15-5-2022
NVIDIA GeForce GTX 1650 (GDDR5), 4 GB GDDR5 (128 bit),299990,15-5-2022
NVIDIA GeForce GTX 1650 (GDDR6), 4 GB GDDR6 (128 bit),303872,15-5-2022
NVIDIA GeForce GTX 1660 Super, 6 GB GDDR6 (192 bit),319000,15-5-2022
AMD Radeon RX 6500 XT, 4 GB GDDR6 (64 bit),320990,15-5-2022
NVIDIA GeForce GTX 1660 Ti, 6 GB GDDR6 (192 bit),329000,15-5-2022
NVIDIA GeForce GTX 1660, 6 GB GDDR5 (192 bit),329900,15-5-2022
NVIDIA GeForce GTX 1660 Super, 6 GB GDDR6 (192 bit),330990,15-5-2022
NVIDIA GeForce GTX 1660 Super, 6 GB GDDR6 (192 bit),335900,15-5-2022
NVIDIA GeForce GTX 1660 Ti, 6 GB GDDR6 (192 bit),339900,15-5-2022
NVIDIA GeForce GTX 1660 Super, 6 GB GDDR6 (192 bit),339990,15-5-2022
NVIDIA GeForce GTX 1650 (GDDR6), 4 GB GDDR6 (128 bit),349900,15-5-2022
NVIDIA GeForce GTX 1660 Super, 6 GB GDDR6 (192 bit),349900,15-5-2022
NVIDIA GeForce GTX 1650 (GDDR6), 4 GB GDDR6 (128 bit),349990,15-5-2022
NVIDIA GeForce GTX 1650 (GDDR6), 4 GB GDDR6 (128 bit),350632,15-5-2022
NVIDIA GeForce GTX 1660 Super, 6 GB GDDR6 (192 bit),357990,15-5-2022
NVIDIA GeForce GTX 1660, 6 GB GDDR5 (192 bit),358900,15-5-2022
NVIDIA GeForce GTX 1660, 6 GB GDDR5 (192 bit),358900,15-5-2022
NVIDIA GeForce GTX 1660 Ti, 6 GB GDDR6 (192 bit),359990,15-5-2022
NVIDIA GeForce GTX 1660 Super, 6 GB GDDR6 (192 bit),368190,15-5-2022
NVIDIA GeForce GTX 1660 Super, 6 GB GDDR6 (192 bit),374526,15-5-2022
NVIDIA GeForce RTX 2060, 6 GB GDDR6 (192 bit),377900,15-5-2022
NVIDIA GeForce GTX 1650 (GDDR6), 4 GB GDDR6 (128 bit),379990,15-5-2022
NVIDIA GeForce RTX 3050, 8 GB GDDR6 (128 bit),382990,15-5-2022
NVIDIA GeForce GTX 1660 Ti, 6 GB GDDR6 (192 bit),388090,15-5-2022
AMD Radeon RX 6600, 8 GB GDDR6 (128 bit),389000,15-5-2022
NVIDIA GeForce GTX 1650 Super, 4 GB GDDR6 (128 bit),389900,15-5-2022
NVIDIA GeForce GTX 1660 Ti, 6 GB GDDR6 (192 bit),389900,15-5-2022
NVIDIA GeForce GTX 1660 Super, 6 GB GDDR6 (192 bit),389899,15-5-2022
NVIDIA GeForce RTX 3050, 8 GB GDDR6 (128 bit),389900,15-5-2022
NVIDIA GeForce GTX 1660 Super, 6 GB GDDR6 (192 bit),396900,15-5-2022
NVIDIA GeForce RTX 3050, 8 GB GDDR6 (128 bit),398334,15-5-2022
NVIDIA GeForce GTX 1650 (GDDR5), 4 GB GDDR5 (128 bit),399000,15-5-2022
NVIDIA GeForce GTX 1660 Ti, 6 GB GDDR6 (192 bit),399900,15-5-2022
NVIDIA GeForce GTX 1650 (GDDR6), 4 GB GDDR6 (128 bit),399990,15-5-2022
NVIDIA GeForce RTX 2060, 6 GB GDDR6 (192 bit),399990,15-5-2022
NVIDIA GeForce RTX 2060, 6 GB GDDR6 (192 bit),399990,15-5-2022
NVIDIA GeForce RTX 2060, 6 GB GDDR6 (192 bit),399990,15-5-2022
NVIDIA GeForce RTX 3050, 8 GB GDDR6 (128 bit),409990,15-5-2022
NVIDIA GeForce RTX 3050, 8 GB GDDR6 (128 bit),409990,15-5-2022
NVIDIA GeForce RTX 3050, 8 GB GDDR6 (128 bit),409990,15-5-2022
NVIDIA GeForce GTX 1660 Ti, 6 GB GDDR6 (192 bit),415017,15-5-2022
NVIDIA GeForce RTX 2060, 6 GB GDDR6 (192 bit),419990,15-5-2022
NVIDIA GeForce RTX 3050, 8 GB GDDR6 (128 bit),422990,15-5-2022
NVIDIA GeForce RTX 3050, 8 GB GDDR6 (128 bit),424900,15-5-2022
NVIDIA GeForce GTX 1660 Super, 6 GB GDDR6 (192 bit),424990,15-5-2022
NVIDIA GeForce RTX 3050, 8 GB GDDR6 (128 bit),424990,15-5-2022
AMD Radeon RX 6600, 8 GB GDDR6 (128 bit),434990,15-5-2022
NVIDIA GeForce RTX 2060, 6 GB GDDR6 (192 bit),439990,15-5-2022
NVIDIA GeForce RTX 3050, 8 GB GDDR6 (128 bit),440990,15-5-2022
NVIDIA GeForce RTX 3050, 8 GB GDDR6 (128 bit),444416,15-5-2022
NVIDIA GeForce GTX 1660 Super, 6 GB GDDR6 (192 bit),446374,15-5-2022
NVIDIA GeForce RTX 3060, 12 GB GDDR6 (192 bit),449000,15-5-2022
AMD Radeon RX 6600, 8 GB GDDR6 (128 bit),449990,15-5-2022
AMD Radeon RX 6600, 8 GB GDDR6 (128 bit),449990,15-5-2022
NVIDIA GeForce RTX 2060, 12 GB GDDR6 (192 bit),449990,15-5-2022
NVIDIA GeForce RTX 2060, 12 GB GDDR6 (192 bit),449989,15-5-2022
AMD Radeon RX 6600, 8 GB GDDR6 (128 bit),449990,15-5-2022
AMD Radeon RX 6600, 8 GB GDDR6 (128 bit),459900,15-5-2022
NVIDIA GeForce GTX 1660 Ti, 6 GB GDDR6 (192 bit),459990,15-5-2022
NVIDIA GeForce GTX 1660 Ti, 6 GB GDDR6 (192 bit),459990,15-5-2022
NVIDIA GeForce RTX 2060, 6 GB GDDR6 (192 bit),460000,15-5-2022
NVIDIA GeForce RTX 3050, 8 GB GDDR6 (128 bit),467990,15-5-2022
NVIDIA GeForce RTX 3050, 8 GB GDDR6 (128 bit),468490,15-5-2022
NVIDIA Quadro T1000, 4 GB GDDR6 (128 bit),469000,15-5-2022
NVIDIA GeForce RTX 2060, 12 GB GDDR6 (192 bit),469990,15-5-2022
NVIDIA GeForce RTX 2060, 6 GB GDDR6 (192 bit),480000,15-5-2022
NVIDIA GeForce RTX 3060, 12 GB GDDR6 (192 bit),483900,15-5-2022
NVIDIA GeForce GTX 1660 Super, 6 GB GDDR6 (192 bit),484000,15-5-2022
NVIDIA GeForce RTX 3050, 8 GB GDDR6 (128 bit),484900,15-5-2022
AMD Radeon RX 6600, 8 GB GDDR6 (128 bit),484990,15-5-2022
NVIDIA GeForce RTX 3060, 12 GB GDDR6 (192 bit),488900,15-5-2022
NVIDIA GeForce RTX 2060, 12 GB GDDR6 (192 bit),489000,15-5-2022
NVIDIA GeForce RTX 2060, 12 GB GDDR6 (192 bit),489900,15-5-2022
NVIDIA GeForce RTX 3060, 12 GB GDDR6 (192 bit),489900,15-5-2022
AMD Radeon RX 6600 XT, 8 GB GDDR6 (128 bit),489990,15-5-2022
AMD Radeon RX 6650 XT, 8 GB GDDR6 (128 bit),499990,15-5-2022
NVIDIA GeForce RTX 3060, 12 GB GDDR6 (192 bit),497990,15-5-2022
NVIDIA GeForce RTX 2060, 6 GB GDDR6 (192 bit),498078,15-5-2022
NVIDIA GeForce RTX 3060, 12 GB GDDR6 (192 bit),498636,15-5-2022
NVIDIA GeForce RTX 3060, 12 GB GDDR6 (192 bit),498900,15-5-2022
AMD Radeon RX 6600 XT, 8 GB GDDR6 (128 bit),499900,15-5-2022
NVIDIA GeForce RTX 3060, 12 GB GDDR6 (192 bit),499900,15-5-2022
NVIDIA GeForce GTX 1660 Super, 6 GB GDDR6 (192 bit),499990,15-5-2022
NVIDIA GeForce RTX 3050, 8 GB GDDR6 (128 bit),499990,15-5-2022
NVIDIA CMP 30HX, 6 GB GDDR6 (192 bit),499990,15-5-2022
NVIDIA GeForce GTX 1660 Ti, 6 GB GDDR6 (192 bit),499990,15-5-2022
AMD Radeon RX 6650 XT, 8 GB GDDR6 (128 bit),499990,15-5-2022
NVIDIA GeForce RTX 3060, 12 GB GDDR6 (192 bit),514790,15-5-2022
NVIDIA GeForce RTX 3060, 12 GB GDDR6 (192 bit),518940,15-5-2022
NVIDIA GeForce RTX 3060, 12 GB GDDR6 (192 bit),519900,15-5-2022
AMD Radeon RX 6600 XT, 8 GB GDDR6 (128 bit),519900,15-5-2022
NVIDIA GeForce RTX 3050, 8 GB GDDR6 (128 bit),519990,15-5-2022
AMD Radeon RX 6600 XT, 8 GB GDDR6 (128 bit),521550,15-5-2022
NVIDIA GeForce GTX 1660 Super, 6 GB GDDR6 (192 bit),525990,15-5-2022
NVIDIA GeForce RTX 3060, 12 GB GDDR6 (192 bit),529990,15-5-2022
NVIDIA GeForce RTX 3060, 12 GB GDDR6 (192 bit),530000,15-5-2022
AMD Radeon RX 6600 XT, 8 GB GDDR6 (128 bit),539990,15-5-2022
AMD Radeon RX 6600, 8 GB GDDR6 (128 bit),540990,15-5-2022
NVIDIA GeForce RTX 3060, 12 GB GDDR6 (192 bit),541781,15-5-2022
NVIDIA GeForce RTX 2060, 6 GB GDDR6 (192 bit),547990,15-5-2022
NVIDIA GeForce RTX 2060, 12 GB GDDR6 (192 bit),549900,15-5-2022
NVIDIA GeForce RTX 2060, 12 GB GDDR6 (192 bit),550000,15-5-2022
NVIDIA GeForce RTX 2060, 6 GB GDDR6 (192 bit),554496,15-5-2022
AMD Radeon RX 6600, 8 GB GDDR6 (128 bit),569696,15-5-2022
NVIDIA GeForce RTX 3060, 12 GB GDDR6 (192 bit),569990,15-5-2022
NVIDIA GeForce RTX 3060 Ti, 8 GB GDDR6 (256 bit),579000,15-5-2022
AMD Radeon RX 6600 XT, 8 GB GDDR6 (128 bit),579900,15-5-2022
NVIDIA GeForce RTX 3060, 12 GB GDDR6 (192 bit),579990,15-5-2022
AMD Radeon RX 6650 XT, 8 GB GDDR6 (128 bit),579990,15-5-2022
AMD Radeon RX 6600 XT, 8 GB GDDR6 (128 bit),580900,15-5-2022
NVIDIA GeForce RTX 3060, 12 GB GDDR6 (192 bit),580990,15-5-2022
NVIDIA GeForce GTX 1660 Ti, 6 GB GDDR6 (192 bit),585990,15-5-2022
NVIDIA GeForce RTX 3060, 12 GB GDDR6 (192 bit),589000,15-5-2022
NVIDIA GeForce RTX 3060, 12 GB GDDR6 (192 bit),590000,15-5-2022
NVIDIA GeForce RTX 3060, 12 GB GDDR6 (192 bit),595990,15-5-2022
NVIDIA GeForce RTX 2060, 6 GB GDDR6 (192 bit),599990,15-5-2022
NVIDIA GeForce RTX 3060 Ti, 8 GB GDDR6 (256 bit),599990,15-5-2022
NVIDIA GeForce RTX 3060, 12 GB GDDR6 (192 bit),599990,15-5-2022
NVIDIA GeForce GTX 1660, 6 GB GDDR5 (192 bit),609990,15-5-2022
AMD Radeon RX 6600 XT, 8 GB GDDR6 (128 bit),619900,15-5-2022
NVIDIA GeForce RTX 3060 Ti, 8 GB GDDR6 (256 bit),619990,15-5-2022
NVIDIA GeForce RTX 3060 Ti, 8 GB GDDR6 (256 bit),629900,15-5-2022
NVIDIA GeForce RTX 3060 Ti, 8 GB GDDR6 (256 bit),629990,15-5-2022
AMD Radeon RX 6700 XT, 12 GB GDDR6 (192 bit),629990,15-5-2022
AMD Radeon RX 6600 XT, 8 GB GDDR6 (128 bit),629990,15-5-2022
AMD Radeon RX 6700 XT, 12 GB GDDR6 (192 bit),639990,15-5-2022
AMD Radeon RX 6700 XT, 12 GB GDDR6 (192 bit),639990,15-5-2022
AMD Radeon RX 6700 XT, 12 GB GDDR6 (192 bit),639990,15-5-2022
AMD Radeon RX 6700 XT, 12 GB GDDR6 (192 bit),649900,15-5-2022
NVIDIA GeForce RTX 3060 Ti, 8 GB GDDR6 (256 bit),650900,15-5-2022
NVIDIA GeForce RTX 3060 Ti, 8 GB GDDR6 (256 bit),659000,15-5-2022
NVIDIA GeForce RTX 3060 Ti, 8 GB GDDR6 (256 bit),664903,15-5-2022
NVIDIA GeForce RTX 3070, 8 GB GDDR6 (256 bit),689990,15-5-2022
NVIDIA GeForce RTX 3070, 8 GB GDDR6 (256 bit),690000,15-5-2022
NVIDIA GeForce RTX 3060 Ti, 8 GB GDDR6 (256 bit),699892,15-5-2022
NVIDIA GeForce RTX 3060 Ti, 8 GB GDDR6 (256 bit),699990,15-5-2022
NVIDIA GeForce RTX 3070, 8 GB GDDR6 (256 bit),699990,15-5-2022
AMD Radeon RX 6700 XT, 12 GB GDDR6 (192 bit),699990,15-5-2022
NVIDIA GeForce RTX 3060 Ti, 8 GB GDDR6 (256 bit),705619,15-5-2022
NVIDIA GeForce RTX 3060, 12 GB GDDR6 (192 bit),709990,15-5-2022
NVIDIA GeForce RTX 3070, 8 GB GDDR6 (256 bit),718990,15-5-2022
AMD Radeon RX 6700 XT, 12 GB GDDR6 (192 bit),719990,15-5-2022
NVIDIA GeForce RTX 3060 Ti, 8 GB GDDR6 (256 bit),719990,15-5-2022
AMD Radeon RX 6700 XT, 12 GB GDDR6 (192 bit),719990,15-5-2022
NVIDIA GeForce RTX 3070, 8 GB GDDR6 (256 bit),729990,15-5-2022
NVIDIA GeForce RTX 3070, 8 GB GDDR6 (256 bit),733305,15-5-2022
NVIDIA GeForce RTX 3060 Ti, 8 GB GDDR6 (256 bit),749900,15-5-2022
NVIDIA GeForce RTX 3070, 8 GB GDDR6 (256 bit),749990,15-5-2022
NVIDIA GeForce RTX 3060, 12 GB GDDR6 (192 bit),749990,15-5-2022
AMD Radeon RX 6700 XT, 12 GB GDDR6 (192 bit),754860,15-5-2022
NVIDIA GeForce RTX 3070, 8 GB GDDR6 (256 bit),759900,15-5-2022
NVIDIA GeForce RTX 3070, 8 GB GDDR6 (256 bit),759990,15-5-2022
NVIDIA GeForce RTX 3060 Ti, 8 GB GDDR6 (256 bit),769990,15-5-2022
NVIDIA GeForce RTX 3070, 8 GB GDDR6 (256 bit),779990,15-5-2022
AMD Radeon RX 6700 XT, 12 GB GDDR6 (192 bit),785990,15-5-2022
AMD Radeon RX 6700 XT, 16.0 GB GDDR6 (192 bit),785990,15-5-2022
AMD Radeon RX 6700 XT, 12 GB GDDR6 (192 bit),789500,15-5-2022
NVIDIA GeForce RTX 3070, 8 GB GDDR6 (256 bit),789990,15-5-2022
NVIDIA GeForce RTX 3070, 8 GB GDDR6 (256 bit),799891,15-5-2022
NVIDIA GeForce RTX 3060 Ti, 8 GB GDDR6 (256 bit),799990,15-5-2022
AMD Radeon RX 6700 XT, 12 GB GDDR6 (192 bit),834990,15-5-2022
NVIDIA GeForce RTX 3070, 8 GB GDDR6 (256 bit),849000,15-5-2022
AMD Radeon RX 6700 XT, 12 GB GDDR6 (192 bit),849900,15-5-2022
NVIDIA GeForce RTX 3070 Ti, 8 GB GDDR6X (256 bit),849990,15-5-2022
NVIDIA GeForce RTX 3070 Ti, 8 GB GDDR6X (256 bit),849990,15-5-2022
NVIDIA GeForce RTX 3070, 8 GB GDDR6 (256 bit),850000,15-5-2022
NVIDIA GeForce RTX 3060 Ti, 8 GB GDDR6 (256 bit),854990,15-5-2022
NVIDIA GeForce RTX 3070, 8 GB GDDR6 (256 bit),859990,15-5-2022
NVIDIA GeForce RTX 3070 Ti, 8 GB GDDR6X (256 bit),885990,15-5-2022
NVIDIA GeForce RTX 3070 Ti, 8 GB GDDR6X (256 bit),886990,15-5-2022
NVIDIA GeForce RTX 3060 Ti, 8 GB GDDR6 (256 bit),889990,15-5-2022
NVIDIA GeForce RTX 3060 Ti, 8 GB GDDR6 (256 bit),899000,15-5-2022
NVIDIA GeForce RTX 3070 Ti, 8 GB GDDR6X (256 bit),899900,15-5-2022
AMD Radeon RX 6700 XT, 12 GB GDDR6 (192 bit),899990,15-5-2022
NVIDIA GeForce RTX 3070 Ti, 8 GB GDDR6X (256 bit),899990,15-5-2022
NVIDIA GeForce RTX 3070, 8 GB GDDR6 (256 bit),899990,15-5-2022
NVIDIA GeForce RTX 3070, 8 GB GDDR6 (256 bit),914990,15-5-2022
AMD Radeon RX 6700 XT, 12 GB GDDR6 (192 bit),919990,15-5-2022
AMD Radeon RX 6700 XT, 12 GB GDDR6 (192 bit),929900,15-5-2022
AMD Radeon RX 6800 XT, 16.0 GB GDDR6 (256 bit),929990,15-5-2022
AMD Radeon RX 6800, 16.0 GB GDDR6 (256 bit),929990,15-5-2022
NVIDIA GeForce RTX 3070, 8 GB GDDR6 (256 bit),949990,15-5-2022
NVIDIA GeForce RTX 3070 Ti, 8 GB GDDR6X (256 bit),954492,15-5-2022
NVIDIA GeForce RTX 3070 Ti, 8 GB GDDR6X (256 bit),969900,15-5-2022
AMD Radeon RX 6800 XT, 16.0 GB GDDR6 (256 bit),999900,15-5-2022
NVIDIA GeForce RTX 3070 Ti, 8 GB GDDR6X (256 bit),999900,15-5-2022
NVIDIA GeForce RTX 3070 Ti, 8 GB GDDR6X (256 bit),999990,15-5-2022
NVIDIA GeForce RTX 3080, 10.0 GB GDDR6X (320 bit),999990,15-5-2022
NVIDIA GeForce RTX 3080, 10.0 GB GDDR6X (320 bit),1029000,15-5-2022
AMD Radeon RX 6700 XT, 12 GB GDDR6 (192 bit),1049408,15-5-2022
NVIDIA GeForce RTX 3060 Ti, 8 GB GDDR6 (256 bit),1049990,15-5-2022
AMD Radeon RX 6800 XT, 16.0 GB GDDR6 (256 bit),1049990,15-5-2022
NVIDIA GeForce RTX 3070 Ti, 8 GB GDDR6X (256 bit),1050000,15-5-2022
NVIDIA GeForce RTX 3060 Ti, 8 GB GDDR6 (256 bit),1050000,15-5-2022
AMD Radeon RX 6800 XT, 16.0 GB GDDR6 (256 bit),1059900,15-5-2022
NVIDIA GeForce RTX 3070 Ti, 8 GB GDDR6X (256 bit),1059990,15-5-2022
NVIDIA GeForce RTX 3080, 10.0 GB GDDR6X (320 bit),1061672,15-5-2022
AMD Radeon RX 6700 XT, 12 GB GDDR6 (192 bit),1084990,15-5-2022
NVIDIA GeForce RTX 3070 Ti, 8 GB GDDR6X (256 bit),1089900,15-5-2022
AMD Radeon RX 6900 XT, 16.0 GB GDDR6 (256 bit),1090000,15-5-2022
NVIDIA GeForce RTX 3070 Ti, 8 GB GDDR6X (256 bit),1097240,15-5-2022
NVIDIA GeForce RTX 3080, 10.0 GB GDDR6X (320 bit),1099000,15-5-2022
NVIDIA GeForce RTX 3070, 8 GB GDDR6 (256 bit),1159990,15-5-2022
AMD Radeon RX 6800, 16.0 GB GDDR6 (256 bit),1189990,15-5-2022
NVIDIA GeForce RTX 3080, 10.0 GB GDDR6X (320 bit),1199795,15-5-2022
NVIDIA GeForce RTX 3080, 10.0 GB GDDR6X (320 bit),1199990,15-5-2022
NVIDIA GeForce RTX 3070 Ti, 8 GB GDDR6X (256 bit),1199990,15-5-2022
NVIDIA GeForce RTX 3080, 12 GB GDDR6X (384 bit),1199990,15-5-2022
NVIDIA GeForce RTX 3070 Ti, 8 GB GDDR6X (256 bit),1199990,15-5-2022
NVIDIA GeForce RTX 3080, 10.0 GB GDDR6X (320 bit),1199990,15-5-2022
NVIDIA GeForce RTX 3080, 10.0 GB GDDR6X (320 bit),1210851,15-5-2022
NVIDIA Quadro A4000, 16.0 GB GDDR6 (256 bit),1224290,15-5-2022
AMD Radeon RX 6800 XT, 16.0 GB GDDR6 (256 bit),1249900,15-5-2022
AMD Radeon RX 6900 XT, 16.0 GB GDDR6 (256 bit),1249900,15-5-2022
NVIDIA GeForce RTX 3070, 8 GB GDDR6 (256 bit),1249990,15-5-2022
AMD Radeon RX 6900 XT, 16.0 GB GDDR6 (256 bit),1249990,15-5-2022
NVIDIA GeForce RTX 3070, 8 GB GDDR6 (256 bit),1279990,15-5-2022
NVIDIA GeForce RTX 3070, 8 GB GDDR6 (256 bit),1281689,15-5-2022
NVIDIA GeForce RTX 3070 Ti, 8 GB GDDR6X (256 bit),1282491,15-5-2022
NVIDIA GeForce RTX 3080, 12 GB GDDR6X (384 bit),1290000,15-5-2022
NVIDIA GeForce RTX 3080, 10.0 GB GDDR6X (320 bit),1299000,15-5-2022
NVIDIA GeForce RTX 3080, 12 GB GDDR6X (384 bit),1299990,15-5-2022
AMD Radeon RX 6900 XT, 16.0 GB GDDR6 (256 bit),1329640,15-5-2022
NVIDIA GeForce RTX 3070 Ti, 8 GB GDDR6X (256 bit),1329990,15-5-2022
NVIDIA GeForce RTX 3080, 10.0 GB GDDR6X (320 bit),1349990,15-5-2022
NVIDIA GeForce RTX 3080 Ti, 12 GB GDDR6X (320 bit),1399900,15-5-2022
AMD Radeon RX 6900 XT, 16.0 GB GDDR6 (256 bit),1435900,15-5-2022
NVIDIA GeForce RTX 3080, 12 GB GDDR6X (384 bit),1450000,15-5-2022
AMD Radeon RX 6900 XT, 16.0 GB GDDR6 (256 bit),1485990,15-5-2022
NVIDIA GeForce RTX 3080, 12 GB GDDR6X (384 bit),1498980,15-5-2022
AMD Radeon RX 6900 XT, 16.0 GB GDDR6 (256 bit),1499000,15-5-2022
NVIDIA GeForce RTX 3080, 10.0 GB GDDR6X (320 bit),1529990,15-5-2022
NVIDIA GeForce RTX 3080 Ti, 12 GB GDDR6X (320 bit),1530000,15-5-2022
NVIDIA GeForce RTX 3080 Ti, 12 GB GDDR6X (384 bit),1539900,15-5-2022
NVIDIA GeForce RTX 3080, 12 GB GDDR6X (384 bit),1539990,15-5-2022
NVIDIA GeForce RTX 3080 Ti, 12 GB GDDR6X (320 bit),1549990,15-5-2022
NVIDIA GeForce RTX 3080 Ti, 12 GB GDDR6X (320 bit),1549990,15-5-2022
NVIDIA GeForce RTX 3080 Ti, 12 GB GDDR6X (384 bit),1569890,15-5-2022
NVIDIA GeForce RTX 3080, 10.0 GB GDDR6X (320 bit),1596900,15-5-2022
AMD Radeon RX 6900 XT, 16.0 GB GDDR6 (256 bit),1597872,15-5-2022
NVIDIA GeForce RTX 3080, 10.0 GB GDDR6X (320 bit),1599990,15-5-2022
AMD Radeon RX 6800 XT, 16.0 GB GDDR6 (256 bit),1599990,15-5-2022
NVIDIA GeForce RTX 3080, 10.0 GB GDDR6X (320 bit),1599990,15-5-2022
NVIDIA GeForce RTX 3080, 10.0 GB GDDR6X (320 bit),1659990,15-5-2022
NVIDIA GeForce RTX 3080 Ti, 12 GB GDDR6X (384 bit),1695990,15-5-2022
NVIDIA GeForce RTX 3080 Ti, 12 GB GDDR6X (384 bit),1699990,15-5-2022
AMD Radeon RX 6900 XT, 16.0 GB GDDR6 (256 bit),1702290,15-5-2022
NVIDIA GeForce RTX 3080, 10.0 GB GDDR6X (320 bit),1779990,15-5-2022
NVIDIA GeForce RTX 3080 Ti, 12 GB GDDR6X (384 bit),1799900,15-5-2022
AMD Radeon RX 6900 XT, 16.0 GB GDDR6 (256 bit),1800990,15-5-2022
NVIDIA GeForce RTX 3080 Ti, 12 GB GDDR6X (320 bit),1823762,15-5-2022
NVIDIA GeForce RTX 3080 Ti, 12 GB GDDR6X (384 bit),1875990,15-5-2022
NVIDIA GeForce RTX 3080 Ti, 12 GB GDDR6X (320 bit),1896550,15-5-2022
NVIDIA GeForce RTX 3080 Ti, 12 GB GDDR6X (384 bit),1899990,15-5-2022
NVIDIA GeForce RTX 3080 Ti, 12 GB GDDR6X (320 bit),1994991,15-5-2022
NVIDIA GeForce RTX 3090, 24.0 GB GDDR6X (384 bit),1999712,15-5-2022
NVIDIA GeForce RTX 3080 Ti, 12 GB GDDR6X (384 bit),1994980,15-5-2022
AMD Radeon RX 6900 XT, 16.0 GB GDDR6 (256 bit),1999990,15-5-2022
NVIDIA GeForce RTX 3080 Ti, 12 GB GDDR6X (320 bit),2023846,15-5-2022
AMD Radeon RX 6900 XT, 16.0 GB GDDR6 (256 bit),2089980,15-5-2022
NVIDIA GeForce RTX 3080 Ti, 12 GB GDDR6X (384 bit),2149900,15-5-2022
NVIDIA GeForce RTX 3090, 24.0 GB GDDR6X (384 bit),2199900,15-5-2022
NVIDIA GeForce RTX 3090, 24.0 GB GDDR6X (384 bit),2199990,15-5-2022
NVIDIA GeForce RTX 3090, 24.0 GB GDDR6X (384 bit),2225900,15-5-2022
NVIDIA GeForce RTX 3090, 24.0 GB GDDR6X (384 bit),2299990,15-5-2022
NVIDIA GeForce RTX 3090, 24.0 GB GDDR6X (384 bit),2299990,15-5-2022
NVIDIA GeForce RTX 3090, 24.0 GB GDDR6X (384 bit),2300000,15-5-2022
NVIDIA GeForce RTX 3090 Ti, 24.0 GB GDDR6X (384 bit),2394000,15-5-2022
NVIDIA GeForce RTX 3090 Ti, 24.0 GB GDDR6X (384 bit),2477790,15-5-2022
NVIDIA GeForce RTX 3090, 24.0 GB GDDR6X (384 bit),2500000,15-5-2022
NVIDIA GeForce RTX 3090 Ti, 24.0 GB GDDR6X (384 bit),2550000,15-5-2022
NVIDIA GeForce GT 730 (64 bits DDR3), 4 GB GDDR3 (64 bit),99990,22-5-2022
NVIDIA GeForce GTX 1050 Ti, 4 GB GDDR5 (128 bit),129900,22-5-2022
NVIDIA GeForce GTX 1050 Ti, 4 GB GDDR5 (128 bit),129980,22-5-2022
NVIDIA GeForce GT 730 (128 bits DDR3), 4 GB DDR3 (128 bit),139990,22-5-2022
NVIDIA GeForce GTX 1050 Ti, 4 GB GDDR5 (128 bit),169990,22-5-2022
AMD Radeon RX 6400, 4 GB GDDR6 (64 bit),199990,22-5-2022
AMD Radeon RX 6400, 4 GB GDDR6 (64 bit),219990,22-5-2022
NVIDIA GeForce GTX 1050 Ti, 4 GB GDDR5 (128 bit),220000,22-5-2022
NVIDIA GeForce GTX 1650 (GDDR6), 4 GB GDDR6 (128 bit),229000,22-5-2022
NVIDIA GeForce GTX 1650 (GDDR6), 4 GB GDDR6 (128 bit),229890,22-5-2022
NVIDIA GeForce GTX 1050 Ti, 4 GB GDDR5 (128 bit),229990,22-5-2022
NVIDIA Quadro T600, 4 GB GDDR6 (128 bit),229990,22-5-2022
NVIDIA GeForce GTX 1650 (GDDR5), 4 GB GDDR5 (128 bit),229990,22-5-2022
NVIDIA GeForce GTX 1050 Ti, 4 GB GDDR5 (128 bit),229990,22-5-2022
NVIDIA GeForce GTX 1050 Ti, 4 GB GDDR5 (128 bit),237386,22-5-2022
AMD Radeon RX 6500 XT, 4 GB GDDR6 (64 bit),239000,22-5-2022
NVIDIA GeForce GTX 1650 (GDDR6), 4 GB GDDR6 (128 bit),239552,22-5-2022
AMD Radeon RX 560, 4 GB GDDR5 (128 bit),249900,22-5-2022
NVIDIA GeForce GTX 1650 (GDDR5), 4 GB GDDR5 (128 bit),249990,22-5-2022
NVIDIA GeForce GTX 1650 (GDDR5), 4 GB GDDR5 (128 bit),249990,22-5-2022
AMD Radeon Pro WX 3200, 4 GB GDDR5 (128 bit),249990,22-5-2022
AMD Radeon RX 6500 XT, 4 GB GDDR6 (64 bit),259461,22-5-2022
NVIDIA GeForce GTX 1050 Ti, 4 GB GDDR5 (128 bit),259900,22-5-2022
NVIDIA GeForce GTX 1650 Super, 4 GB GDDR6 (128 bit),259900,22-5-2022
AMD Radeon RX 6500 XT, 4 GB GDDR6 (64 bit),259989,22-5-2022
NVIDIA GeForce GTX 1650 (GDDR5), 4 GB GDDR5 (128 bit),260900,22-5-2022
NVIDIA GeForce GTX 1650 (GDDR6), 4 GB GDDR6 (128 bit),262000,22-5-2022
NVIDIA GeForce GTX 1650 (GDDR6), 4 GB GDDR6 (128 bit),263990,22-5-2022
NVIDIA GeForce GTX 1660, 6 GB GDDR5 (192 bit),269000,22-5-2022
NVIDIA GeForce GTX 1650 Super, 4 GB GDDR6 (128 bit),269900,22-5-2022
NVIDIA GeForce GTX 1650 (GDDR6), 4 GB GDDR6 (128 bit),269900,22-5-2022
NVIDIA GeForce GTX 1650 Super, 4 GB GDDR6 (128 bit),269990,22-5-2022
NVIDIA GeForce GTX 1650 (GDDR6), 4 GB GDDR6 (128 bit),270990,22-5-2022
AMD Radeon RX 6500 XT, 4 GB GDDR6 (64 bit),274900,22-5-2022
NVIDIA GeForce GTX 1650 (GDDR6), 4 GB GDDR6 (128 bit),275900,22-5-2022
NVIDIA GeForce GTX 1660, 6 GB GDDR5 (192 bit),275900,22-5-2022
NVIDIA GeForce GTX 1650 (GDDR6), 4 GB GDDR6 (128 bit),276990,22-5-2022
AMD Radeon RX 6500 XT, 4 GB GDDR6 (64 bit),278991,22-5-2022
NVIDIA GeForce GTX 1650 (GDDR5), 4 GB GDDR5 (128 bit),283990,22-5-2022
NVIDIA GeForce GTX 1650 (GDDR5), 4 GB GDDR5 (128 bit),284872,22-5-2022
AMD Radeon RX 6500 XT, 4 GB GDDR6 (64 bit),284900,22-5-2022
AMD Radeon RX 6500 XT, 4 GB GDDR6 (64 bit),285036,22-5-2022
NVIDIA GeForce GTX 1650 (GDDR6), 4 GB GDDR6 (128 bit),285278,22-5-2022
NVIDIA GeForce GTX 1650 (GDDR6), 4 GB GDDR6 (128 bit),289990,22-5-2022
NVIDIA GeForce GTX 1650 (GDDR6), 4 GB GDDR6 (128 bit),292900,22-5-2022
NVIDIA GeForce GTX 1650 (GDDR6), 4 GB GDDR6 (128 bit),293990,22-5-2022
AMD Radeon RX 6500 XT, 4 GB GDDR6 (64 bit),294980,22-5-2022
NVIDIA GeForce GTX 1650 (GDDR6), 4 GB GDDR6 (128 bit),299900,22-5-2022
NVIDIA GeForce GTX 1650 (GDDR5), 4 GB GDDR5 (128 bit),299990,22-5-2022
NVIDIA GeForce GTX 1650 (GDDR6), 4 GB GDDR6 (128 bit),303872,22-5-2022
NVIDIA GeForce GTX 1660 Super, 6 GB GDDR6 (192 bit),319000,22-5-2022
NVIDIA GeForce RTX 3050, 8 GB GDDR6 (128 bit),319900,22-5-2022
NVIDIA GeForce GTX 1650 (GDDR6), 4 GB GDDR6 (128 bit),319990,22-5-2022
NVIDIA GeForce GTX 1660, 6 GB GDDR5 (192 bit),319990,22-5-2022
NVIDIA GeForce GTX 1660 Ti, 6 GB GDDR6 (192 bit),319990,22-5-2022
AMD Radeon RX 6500 XT, 4 GB GDDR6 (64 bit),320990,22-5-2022
NVIDIA GeForce GTX 1660 Ti, 6 GB GDDR6 (192 bit),324900,22-5-2022
NVIDIA GeForce GTX 1660, 6 GB GDDR5 (192 bit),329900,22-5-2022
NVIDIA GeForce GTX 1650 (GDDR5), 4 GB GDDR5 (128 bit),329990,22-5-2022
NVIDIA GeForce GTX 1660 Super, 6 GB GDDR6 (192 bit),329990,22-5-2022
NVIDIA GeForce GTX 1660 Super, 6 GB GDDR6 (192 bit),330990,22-5-2022
NVIDIA GeForce GTX 1660 Super, 6 GB GDDR6 (192 bit),335900,22-5-2022
NVIDIA GeForce GTX 1660 Super, 6 GB GDDR6 (192 bit),348990,22-5-2022
NVIDIA GeForce RTX 3050, 8 GB GDDR6 (128 bit),349000,22-5-2022
NVIDIA GeForce GTX 1650 (GDDR6), 4 GB GDDR6 (128 bit),351684,22-5-2022
NVIDIA GeForce GTX 1660, 6 GB GDDR5 (192 bit),358900,22-5-2022
NVIDIA GeForce GTX 1660 Super, 6 GB GDDR6 (192 bit),359000,22-5-2022
NVIDIA GeForce GTX 1660 Ti, 6 GB GDDR6 (192 bit),359990,22-5-2022
NVIDIA GeForce GTX 1650 (GDDR6), 4 GB GDDR6 (128 bit),364990,22-5-2022
NVIDIA GeForce RTX 3050, 8 GB GDDR6 (128 bit),368990,22-5-2022
NVIDIA GeForce RTX 2060, 6 GB GDDR6 (192 bit),369000,22-5-2022
NVIDIA GeForce GTX 1660 Super, 6 GB GDDR6 (192 bit),368200,22-5-2022
NVIDIA GeForce GTX 1660 Super, 6 GB GDDR6 (192 bit),375000,22-5-2022
NVIDIA GeForce RTX 2060, 6 GB GDDR6 (192 bit),377900,22-5-2022
NVIDIA GeForce GTX 1660 Ti, 6 GB GDDR6 (192 bit),379690,22-5-2022
NVIDIA GeForce RTX 2060, 6 GB GDDR6 (192 bit),379990,22-5-2022
NVIDIA GeForce GTX 1650 (GDDR6), 4 GB GDDR6 (128 bit),379990,22-5-2022
NVIDIA GeForce RTX 3050, 8 GB GDDR6 (128 bit),379990,22-5-2022
NVIDIA GeForce RTX 3050, 8 GB GDDR6 (128 bit),379990,22-5-2022
NVIDIA GeForce RTX 2060, 6 GB GDDR6 (192 bit),389000,22-5-2022
AMD Radeon RX 6600, 8 GB GDDR6 (128 bit),389000,22-5-2022
NVIDIA GeForce GTX 1660 Ti, 6 GB GDDR6 (192 bit),389000,22-5-2022
NVIDIA GeForce GTX 1650 Super, 4 GB GDDR6 (128 bit),389900,22-5-2022
NVIDIA GeForce GTX 1660 Super, 6 GB GDDR6 (192 bit),389899,22-5-2022
NVIDIA GeForce RTX 3050, 8 GB GDDR6 (128 bit),389990,22-5-2022
NVIDIA GeForce RTX 2060, 6 GB GDDR6 (192 bit),389990,22-5-2022
NVIDIA GeForce GTX 1660 Super, 6 GB GDDR6 (192 bit),396900,22-5-2022
NVIDIA GeForce RTX 3050, 8 GB GDDR6 (128 bit),398334,22-5-2022
AMD Radeon RX 6600, 8 GB GDDR6 (128 bit),399980,22-5-2022
NVIDIA GeForce GTX 1070, 8 GB GDDR5 (256 bit),399990,22-5-2022
AMD Radeon RX 6600, 8 GB GDDR6 (128 bit),399990,22-5-2022
NVIDIA GeForce RTX 3060, 12 GB GDDR6 (192 bit),399990,22-5-2022
NVIDIA GeForce RTX 2060, 6 GB GDDR6 (192 bit),399990,22-5-2022
AMD Radeon RX 6600, 8 GB GDDR6 (128 bit),399990,22-5-2022
NVIDIA GeForce GTX 1660 Ti, 6 GB GDDR6 (192 bit),399990,22-5-2022
NVIDIA GeForce RTX 3050, 8 GB GDDR6 (128 bit),409990,22-5-2022
NVIDIA GeForce RTX 3050, 8 GB GDDR6 (128 bit),409990,22-5-2022
NVIDIA GeForce RTX 3050, 8 GB GDDR6 (128 bit),409990,22-5-2022
NVIDIA GeForce RTX 2060, 6 GB GDDR6 (192 bit),419990,22-5-2022
NVIDIA GeForce RTX 3050, 8 GB GDDR6 (128 bit),420000,22-5-2022
NVIDIA GeForce GTX 1660 Ti, 6 GB GDDR6 (192 bit),421232,22-5-2022
NVIDIA GeForce GTX 1660 Super, 6 GB GDDR6 (192 bit),424990,22-5-2022
NVIDIA GeForce RTX 3050, 8 GB GDDR6 (128 bit),424990,22-5-2022
NVIDIA GeForce RTX 3050, 8 GB GDDR6 (128 bit),429900,22-5-2022
NVIDIA GeForce RTX 2060, 6 GB GDDR6 (192 bit),429990,22-5-2022
NVIDIA GeForce GTX 1660 Ti, 6 GB GDDR6 (192 bit),429990,22-5-2022
NVIDIA GeForce GTX 1660, 6 GB GDDR5 (192 bit),429990,22-5-2022
NVIDIA GeForce RTX 3050, 8 GB GDDR6 (128 bit),429990,22-5-2022
NVIDIA GeForce GTX 1660 Super, 6 GB GDDR6 (192 bit),434000,22-5-2022
AMD Radeon RX 6600, 8 GB GDDR6 (128 bit),434990,22-5-2022
AMD Radeon RX 6600, 8 GB GDDR6 (128 bit),439900,22-5-2022
NVIDIA GeForce RTX 3050, 8 GB GDDR6 (128 bit),439900,22-5-2022
NVIDIA GeForce RTX 3050, 8 GB GDDR6 (128 bit),442980,22-5-2022
NVIDIA GeForce RTX 3060, 12 GB GDDR6 (192 bit),449000,22-5-2022
AMD Radeon RX 6600, 8 GB GDDR6 (128 bit),449990,22-5-2022
NVIDIA GeForce RTX 2060, 12 GB GDDR6 (192 bit),449990,22-5-2022
NVIDIA GeForce RTX 2060, 12 GB GDDR6 (192 bit),449989,22-5-2022
AMD Radeon RX 6600, 8 GB GDDR6 (128 bit),449990,22-5-2022
NVIDIA GeForce GTX 1660 Ti, 6 GB GDDR6 (192 bit),459990,22-5-2022
NVIDIA GeForce GTX 1660 Ti, 6 GB GDDR6 (192 bit),459990,22-5-2022
NVIDIA GeForce RTX 2060, 6 GB GDDR6 (192 bit),460000,22-5-2022
NVIDIA GeForce RTX 3050, 8 GB GDDR6 (128 bit),467990,22-5-2022
NVIDIA Quadro T1000, 4 GB GDDR6 (128 bit),469000,22-5-2022
NVIDIA GeForce GTX 1660 Super, 6 GB GDDR6 (192 bit),469361,22-5-2022
NVIDIA GeForce RTX 2060, 12 GB GDDR6 (192 bit),469990,22-5-2022
NVIDIA GeForce RTX 3050, 8 GB GDDR6 (128 bit),474000,22-5-2022
NVIDIA GeForce RTX 3060, 12 GB GDDR6 (192 bit),479000,22-5-2022
NVIDIA GeForce RTX 3060, 12 GB GDDR6 (192 bit),483900,22-5-2022
NVIDIA GeForce RTX 2060, 12 GB GDDR6 (192 bit),489000,22-5-2022
NVIDIA GeForce RTX 2060, 12 GB GDDR6 (192 bit),489900,22-5-2022
NVIDIA GeForce RTX 3060, 12 GB GDDR6 (192 bit),489900,22-5-2022
AMD Radeon RX 6650 XT, 8 GB GDDR6 (128 bit),489900,22-5-2022
AMD Radeon RX 6650 XT, 8 GB GDDR6 (128 bit),489990,22-5-2022
AMD Radeon RX 6600 XT, 8 GB GDDR6 (128 bit),495990,22-5-2022
NVIDIA GeForce RTX 2060, 6 GB GDDR6 (192 bit),498078,22-5-2022
NVIDIA GeForce RTX 3060, 12 GB GDDR6 (192 bit),498636,22-5-2022
NVIDIA GeForce RTX 3060, 12 GB GDDR6 (192 bit),498900,22-5-2022
NVIDIA GeForce RTX 3060, 12 GB GDDR6 (192 bit),499000,22-5-2022
AMD Radeon RX 6600 XT, 8 GB GDDR6 (128 bit),499900,22-5-2022
NVIDIA GeForce RTX 3060, 12 GB GDDR6 (192 bit),499900,22-5-2022
NVIDIA GeForce GTX 1660 Super, 6 GB GDDR6 (192 bit),499990,22-5-2022
NVIDIA CMP 30HX, 6 GB GDDR6 (192 bit),499990,22-5-2022
NVIDIA GeForce RTX 3060, 12 GB GDDR6 (192 bit),499990,22-5-2022
NVIDIA GeForce RTX 3060, 12 GB GDDR6 (192 bit),499990,22-5-2022
AMD Radeon RX 6600 XT, 8 GB GDDR6 (128 bit),509900,22-5-2022
NVIDIA GeForce RTX 3060, 12 GB GDDR6 (192 bit),514790,22-5-2022
NVIDIA GeForce RTX 3060, 12 GB GDDR6 (192 bit),514880,22-5-2022
NVIDIA GeForce RTX 3060, 12 GB GDDR6 (192 bit),519900,22-5-2022
AMD Radeon RX 6600 XT, 8 GB GDDR6 (128 bit),519900,22-5-2022
NVIDIA GeForce RTX 3060, 12 GB GDDR6 (192 bit),519990,22-5-2022
NVIDIA GeForce GTX 1660 Super, 6 GB GDDR6 (192 bit),525990,22-5-2022
NVIDIA GeForce RTX 3060, 12 GB GDDR6 (192 bit),530000,22-5-2022
AMD Radeon RX 6600 XT, 8 GB GDDR6 (128 bit),539990,22-5-2022
AMD Radeon RX 6600, 8 GB GDDR6 (128 bit),540990,22-5-2022
NVIDIA GeForce RTX 3060, 12 GB GDDR6 (192 bit),541781,22-5-2022
NVIDIA GeForce RTX 2060, 12 GB GDDR6 (192 bit),549900,22-5-2022
NVIDIA GeForce RTX 2060, 12 GB GDDR6 (192 bit),550000,22-5-2022
NVIDIA GeForce RTX 3060, 12 GB GDDR6 (192 bit),554990,22-5-2022
NVIDIA GeForce RTX 2060, 6 GB GDDR6 (192 bit),554496,22-5-2022
AMD Radeon RX 6600, 8 GB GDDR6 (128 bit),569696,22-5-2022
AMD Radeon RX 6650 XT, 8 GB GDDR6 (128 bit),578990,22-5-2022
NVIDIA GeForce RTX 3060 Ti, 8 GB GDDR6 (256 bit),579000,22-5-2022
AMD Radeon RX 6600 XT, 8 GB GDDR6 (128 bit),579900,22-5-2022
AMD Radeon RX 6600 XT, 8 GB GDDR6 (128 bit),579900,22-5-2022
NVIDIA GeForce RTX 3060, 12 GB GDDR6 (192 bit),579990,22-5-2022
NVIDIA GeForce RTX 3060 Ti, 8 GB GDDR6 (256 bit),579990,22-5-2022
AMD Radeon RX 6600 XT, 8 GB GDDR6 (128 bit),580900,22-5-2022
NVIDIA GeForce RTX 3060, 12 GB GDDR6 (192 bit),580990,22-5-2022
NVIDIA GeForce GTX 1660 Ti, 6 GB GDDR6 (192 bit),585990,22-5-2022
NVIDIA GeForce RTX 3060 Ti, 8 GB GDDR6 (256 bit),589990,22-5-2022
NVIDIA GeForce RTX 3060, 12 GB GDDR6 (192 bit),590000,22-5-2022
AMD Radeon RX 6600 XT, 8 GB GDDR6 (128 bit),599990,22-5-2022
NVIDIA GeForce RTX 2060, 6 GB GDDR6 (192 bit),599990,22-5-2022
NVIDIA GeForce RTX 3060, 12 GB GDDR6 (192 bit),599990,22-5-2022
NVIDIA GeForce GTX 1660 Ti, 6 GB GDDR6 (192 bit),599990,22-5-2022
NVIDIA GeForce RTX 2060, 6 GB GDDR6 (192 bit),609990,22-5-2022
NVIDIA GeForce RTX 3060 Ti, 8 GB GDDR6 (256 bit),629990,22-5-2022
AMD Radeon RX 6700 XT, 12 GB GDDR6 (192 bit),629990,22-5-2022
NVIDIA GeForce RTX 3060, 12 GB GDDR6 (192 bit),629990,22-5-2022
AMD Radeon RX 6700 XT, 12 GB GDDR6 (192 bit),639990,22-5-2022
AMD Radeon RX 6700 XT, 12 GB GDDR6 (192 bit),639990,22-5-2022
AMD Radeon RX 6700 XT, 12 GB GDDR6 (192 bit),639990,22-5-2022
AMD Radeon RX 6700 XT, 12 GB GDDR6 (192 bit),649900,22-5-2022
NVIDIA GeForce RTX 3060 Ti, 8 GB GDDR6 (256 bit),649990,22-5-2022
NVIDIA GeForce RTX 3060 Ti, 8 GB GDDR6 (256 bit),650800,22-5-2022
NVIDIA GeForce RTX 3060 Ti, 8 GB GDDR6 (256 bit),659000,22-5-2022
NVIDIA GeForce RTX 3060 Ti, 8 GB GDDR6 (256 bit),663918,22-5-2022
NVIDIA GeForce RTX 3070, 8 GB GDDR6 (256 bit),669000,22-5-2022
NVIDIA GeForce RTX 3070, 8 GB GDDR6 (256 bit),669990,22-5-2022
NVIDIA GeForce RTX 3060 Ti, 8 GB GDDR6 (256 bit),683041,22-5-2022
NVIDIA GeForce RTX 3070, 8 GB GDDR6 (256 bit),689000,22-5-2022
NVIDIA GeForce RTX 3070, 8 GB GDDR6 (256 bit),698390,22-5-2022
NVIDIA GeForce RTX 3060 Ti, 8 GB GDDR6 (256 bit),699990,22-5-2022
NVIDIA GeForce RTX 3070, 8 GB GDDR6 (256 bit),699990,22-5-2022
AMD Radeon RX 6700 XT, 12 GB GDDR6 (192 bit),699990,22-5-2022
NVIDIA GeForce RTX 3060 Ti, 8 GB GDDR6 (256 bit),705619,22-5-2022
AMD Radeon RX 6700 XT, 16.0 GB GDDR6 (192 bit),699990,22-5-2022
AMD Radeon RX 6700 XT, 12 GB GDDR6 (192 bit),709990,22-5-2022
NVIDIA GeForce RTX 3060 Ti, 8 GB GDDR6 (256 bit),715990,22-5-2022
AMD Radeon RX 6700 XT, 12 GB GDDR6 (192 bit),719990,22-5-2022
NVIDIA GeForce RTX 3070, 8 GB GDDR6 (256 bit),729990,22-5-2022
NVIDIA GeForce RTX 3070, 8 GB GDDR6 (256 bit),733305,22-5-2022
AMD Radeon RX 6700 XT, 12 GB GDDR6 (192 bit),745360,22-5-2022
NVIDIA GeForce RTX 3060 Ti, 8 GB GDDR6 (256 bit),749900,22-5-2022
NVIDIA GeForce RTX 3060, 12 GB GDDR6 (192 bit),749990,22-5-2022
NVIDIA GeForce RTX 3070, 8 GB GDDR6 (256 bit),749990,22-5-2022
NVIDIA GeForce RTX 3070, 8 GB GDDR6 (256 bit),759900,22-5-2022
NVIDIA GeForce RTX 3070, 8 GB GDDR6 (256 bit),759900,22-5-2022
NVIDIA GeForce RTX 3060 Ti, 8 GB GDDR6 (256 bit),759990,22-5-2022
NVIDIA GeForce RTX 3070, 8 GB GDDR6 (256 bit),759990,22-5-2022
NVIDIA GeForce RTX 3060 Ti, 8 GB GDDR6 (256 bit),769990,22-5-2022
AMD Radeon RX 6700 XT, 12 GB GDDR6 (192 bit),785990,22-5-2022
AMD Radeon RX 6700 XT, 12 GB GDDR6 (192 bit),789500,22-5-2022
AMD Radeon RX 6750 XT, 12 GB GDDR6 (128 bit),789900,22-5-2022
NVIDIA GeForce RTX 3070, 8 GB GDDR6 (256 bit),789990,22-5-2022
NVIDIA GeForce RTX 3060 Ti, 8 GB GDDR6 (256 bit),799990,22-5-2022
NVIDIA GeForce RTX 3060, 12 GB GDDR6 (192 bit),799990,22-5-2022
AMD Radeon RX 6700 XT, 12 GB GDDR6 (192 bit),834990,22-5-2022
NVIDIA GeForce RTX 3070, 8 GB GDDR6 (256 bit),839990,22-5-2022
NVIDIA GeForce RTX 3070, 8 GB GDDR6 (256 bit),849000,22-5-2022
AMD Radeon RX 6700 XT, 12 GB GDDR6 (192 bit),849900,22-5-2022
NVIDIA GeForce RTX 3070 Ti, 8 GB GDDR6X (256 bit),849990,22-5-2022
NVIDIA GeForce RTX 3070 Ti, 8 GB GDDR6X (256 bit),849990,22-5-2022
NVIDIA GeForce RTX 3070, 8 GB GDDR6 (256 bit),850000,22-5-2022
NVIDIA GeForce RTX 3060 Ti, 8 GB GDDR6 (256 bit),854990,22-5-2022
NVIDIA GeForce RTX 3070, 8 GB GDDR6 (256 bit),879990,22-5-2022
NVIDIA GeForce RTX 3070 Ti, 8 GB GDDR6X (256 bit),884979,22-5-2022
NVIDIA GeForce RTX 3070 Ti, 8 GB GDDR6X (256 bit),885990,22-5-2022
NVIDIA GeForce RTX 3060 Ti, 8 GB GDDR6 (256 bit),889990,22-5-2022
NVIDIA GeForce RTX 3060 Ti, 8 GB GDDR6 (256 bit),899000,22-5-2022
AMD Radeon RX 6700 XT, 12 GB GDDR6 (192 bit),899990,22-5-2022
NVIDIA GeForce RTX 3070 Ti, 8 GB GDDR6X (256 bit),899990,22-5-2022
AMD Radeon RX 6700 XT, 12 GB GDDR6 (192 bit),919990,22-5-2022
NVIDIA GeForce RTX 3070, 8 GB GDDR6 (256 bit),919990,22-5-2022
AMD Radeon RX 6700 XT, 12 GB GDDR6 (192 bit),929900,22-5-2022
AMD Radeon RX 6800 XT, 16.0 GB GDDR6 (256 bit),929990,22-5-2022
AMD Radeon RX 6800, 16.0 GB GDDR6 (256 bit),929990,22-5-2022
NVIDIA GeForce RTX 3070 Ti, 8 GB GDDR6X (256 bit),954492,22-5-2022
NVIDIA GeForce RTX 3070, 8 GB GDDR6 (256 bit),959990,22-5-2022
NVIDIA GeForce RTX 3070, 8 GB GDDR6 (256 bit),959990,22-5-2022
NVIDIA GeForce RTX 3070 Ti, 8 GB GDDR6X (256 bit),959990,22-5-2022
NVIDIA GeForce RTX 3070 Ti, 8 GB GDDR6X (256 bit),969900,22-5-2022
NVIDIA GeForce RTX 3080, 10.0 GB GDDR6X (320 bit),979690,22-5-2022
AMD Radeon RX 6800 XT, 16.0 GB GDDR6 (256 bit),999900,22-5-2022
AMD Radeon RX 6700 XT, 12 GB GDDR6 (192 bit),999985,22-5-2022
NVIDIA GeForce RTX 3070 Ti, 8 GB GDDR6X (256 bit),999990,22-5-2022
NVIDIA GeForce RTX 3070 Ti, 8 GB GDDR6X (256 bit),999990,22-5-2022
NVIDIA GeForce RTX 3080, 10.0 GB GDDR6X (320 bit),1029000,22-5-2022
NVIDIA GeForce RTX 3070 Ti, 8 GB GDDR6X (256 bit),1042378,22-5-2022
AMD Radeon RX 6700 XT, 12 GB GDDR6 (192 bit),1048990,22-5-2022
NVIDIA GeForce RTX 3070, 8 GB GDDR6 (256 bit),1049990,22-5-2022
AMD Radeon RX 6800 XT, 16.0 GB GDDR6 (256 bit),1049990,22-5-2022
NVIDIA GeForce RTX 3070 Ti, 8 GB GDDR6X (256 bit),1050000,22-5-2022
NVIDIA GeForce RTX 3060 Ti, 8 GB GDDR6 (256 bit),1050000,22-5-2022
AMD Radeon RX 6800 XT, 16.0 GB GDDR6 (256 bit),1059900,22-5-2022
NVIDIA GeForce RTX 3080, 10.0 GB GDDR6X (320 bit),1059912,22-5-2022
NVIDIA GeForce RTX 3070 Ti, 8 GB GDDR6X (256 bit),1059990,22-5-2022
AMD Radeon RX 6700 XT, 12 GB GDDR6 (192 bit),1084990,22-5-2022
NVIDIA GeForce RTX 3070 Ti, 8 GB GDDR6X (256 bit),1089900,22-5-2022
AMD Radeon RX 6900 XT, 16.0 GB GDDR6 (256 bit),1090000,22-5-2022
NVIDIA GeForce RTX 3070 Ti, 8 GB GDDR6X (256 bit),1128900,22-5-2022
NVIDIA GeForce RTX 3080, 10.0 GB GDDR6X (320 bit),1187291,22-5-2022
AMD Radeon RX 6800, 16.0 GB GDDR6 (256 bit),1189990,22-5-2022
NVIDIA GeForce RTX 3080, 12 GB GDDR6X (384 bit),1199990,22-5-2022
NVIDIA GeForce RTX 3080, 10.0 GB GDDR6X (320 bit),1199990,22-5-2022
NVIDIA Quadro A4000, 16.0 GB GDDR6 (256 bit),1224290,22-5-2022
AMD Radeon RX 6800 XT, 16.0 GB GDDR6 (256 bit),1249900,22-5-2022
AMD Radeon RX 6900 XT, 16.0 GB GDDR6 (256 bit),1249900,22-5-2022
NVIDIA GeForce RTX 3070, 8 GB GDDR6 (256 bit),1249990,22-5-2022
AMD Radeon RX 6900 XT, 16.0 GB GDDR6 (256 bit),1249990,22-5-2022
NVIDIA GeForce RTX 3080, 10.0 GB GDDR6X (320 bit),1259990,22-5-2022
NVIDIA GeForce RTX 3080, 10.0 GB GDDR6X (320 bit),1259990,22-5-2022
NVIDIA GeForce RTX 3080, 10.0 GB GDDR6X (320 bit),1260903,22-5-2022
NVIDIA GeForce RTX 3080, 10.0 GB GDDR6X (320 bit),1281900,22-5-2022
NVIDIA GeForce RTX 3070 Ti, 8 GB GDDR6X (256 bit),1282491,22-5-2022
NVIDIA GeForce RTX 3080, 12 GB GDDR6X (384 bit),1290000,22-5-2022
NVIDIA GeForce RTX 3080, 10.0 GB GDDR6X (320 bit),1299000,22-5-2022
NVIDIA GeForce RTX 3080, 12 GB GDDR6X (384 bit),1299990,22-5-2022
NVIDIA GeForce RTX 3080, 10.0 GB GDDR6X (320 bit),1326666,22-5-2022
AMD Radeon RX 6900 XT, 16.0 GB GDDR6 (256 bit),1329640,22-5-2022
NVIDIA GeForce RTX 3070 Ti, 8 GB GDDR6X (256 bit),1329990,22-5-2022
NVIDIA GeForce RTX 3080, 10.0 GB GDDR6X (320 bit),1349990,22-5-2022
NVIDIA GeForce RTX 3080 Ti, 12 GB GDDR6X (320 bit),1399900,22-5-2022
NVIDIA GeForce RTX 3080, 10.0 GB GDDR6X (320 bit),1399990,22-5-2022
NVIDIA GeForce RTX 3080, 10.0 GB GDDR6X (320 bit),1399990,22-5-2022
AMD Radeon RX 6900 XT, 16.0 GB GDDR6 (256 bit),1435900,22-5-2022
NVIDIA GeForce RTX 3080, 12 GB GDDR6X (384 bit),1450000,22-5-2022
AMD Radeon RX 6900 XT, 16.0 GB GDDR6 (256 bit),1485990,22-5-2022
NVIDIA GeForce RTX 3080, 12 GB GDDR6X (384 bit),1498980,22-5-2022
AMD Radeon RX 6900 XT, 16.0 GB GDDR6 (256 bit),1499000,22-5-2022
NVIDIA GeForce RTX 3080, 10.0 GB GDDR6X (320 bit),1499990,22-5-2022
NVIDIA GeForce RTX 3080, 10.0 GB GDDR6X (320 bit),1529990,22-5-2022
NVIDIA GeForce RTX 3080 Ti, 12 GB GDDR6X (320 bit),1530000,22-5-2022
NVIDIA GeForce RTX 3080 Ti, 12 GB GDDR6X (384 bit),1539900,22-5-2022
NVIDIA GeForce RTX 3080 Ti, 12 GB GDDR6X (384 bit),1541990,22-5-2022
NVIDIA GeForce RTX 3080 Ti, 12 GB GDDR6X (320 bit),1549990,22-5-2022
NVIDIA GeForce RTX 3080 Ti, 12 GB GDDR6X (320 bit),1549990,22-5-2022
NVIDIA GeForce RTX 3080, 12 GB GDDR6X (384 bit),1550000,22-5-2022
AMD Radeon RX 6800 XT, 16.0 GB GDDR6 (256 bit),1599990,22-5-2022
NVIDIA GeForce RTX 3080 Ti, 12 GB GDDR6X (384 bit),1695990,22-5-2022
NVIDIA GeForce RTX 3080 Ti, 12 GB GDDR6X (384 bit),1699990,22-5-2022
AMD Radeon RX 6900 XT, 16.0 GB GDDR6 (256 bit),1702290,22-5-2022
AMD Radeon RX 6900 XT, 16.0 GB GDDR6 (256 bit),1756790,22-5-2022
NVIDIA GeForce RTX 3080 Ti, 12 GB GDDR6X (320 bit),1759990,22-5-2022
NVIDIA GeForce RTX 3080 Ti, 12 GB GDDR6X (320 bit),1799900,22-5-2022
NVIDIA GeForce RTX 3080 Ti, 12 GB GDDR6X (384 bit),1799990,22-5-2022
AMD Radeon RX 6900 XT, 16.0 GB GDDR6 (256 bit),1800990,22-5-2022
NVIDIA GeForce RTX 3080 Ti, 12 GB GDDR6X (384 bit),1885990,22-5-2022
NVIDIA GeForce RTX 3080 Ti, 12 GB GDDR6X (384 bit),1994000,22-5-2022
NVIDIA GeForce RTX 3080 Ti, 12 GB GDDR6X (320 bit),1994991,22-5-2022
AMD Radeon RX 6900 XT, 16.0 GB GDDR6 (256 bit),1999990,22-5-2022
NVIDIA GeForce RTX 3080 Ti, 12 GB GDDR6X (320 bit),2023846,22-5-2022
AMD Radeon RX 6900 XT, 16.0 GB GDDR6 (256 bit),2088990,22-5-2022
NVIDIA GeForce RTX 3090, 24.0 GB GDDR6X (384 bit),2099000,22-5-2022
AMD Radeon RX 6800, 16.0 GB GDDR6 (256 bit),2099990,22-5-2022
NVIDIA GeForce RTX 3090 Ti, 24.0 GB GDDR6X (384 bit),2149000,22-5-2022
NVIDIA GeForce RTX 3090, 24.0 GB GDDR6X (384 bit),2199900,22-5-2022
NVIDIA GeForce RTX 3090, 24.0 GB GDDR6X (384 bit),2199990,22-5-2022
NVIDIA GeForce RTX 3090, 24.0 GB GDDR6X (384 bit),2225900,22-5-2022
NVIDIA GeForce RTX 3090, 24.0 GB GDDR6X (384 bit),2299990,22-5-2022
NVIDIA GeForce RTX 3090, 24.0 GB GDDR6X (384 bit),2299990,22-5-2022
NVIDIA GeForce RTX 3090, 24.0 GB GDDR6X (384 bit),2300000,22-5-2022
NVIDIA GeForce RTX 3090 Ti, 24.0 GB GDDR6X (384 bit),2394000,22-5-2022
NVIDIA GeForce RTX 3090 Ti, 24.0 GB GDDR6X (384 bit),2477790,22-5-2022
NVIDIA GeForce GT 730 (64 bits DDR3), 4 GB GDDR3 (64 bit),99990,5-6-2022
NVIDIA GeForce GT 730 (128 bits DDR3), 4 GB DDR3 (128 bit),129990,5-6-2022
NVIDIA GeForce GT 730 (128 bits DDR3), 4 GB DDR3 (128 bit),149990,5-6-2022
AMD Radeon RX 6400, 4 GB GDDR6 (64 bit),189990,5-6-2022
AMD Radeon RX 6400, 4 GB GDDR6 (64 bit),219990,5-6-2022
NVIDIA GeForce GTX 1050 Ti, 4 GB GDDR5 (128 bit),220000,5-6-2022
NVIDIA GeForce GTX 1050 Ti, 4 GB GDDR5 (128 bit),225900,5-6-2022
NVIDIA GeForce GTX 1050 Ti, 4 GB GDDR5 (128 bit),229900,5-6-2022
NVIDIA GeForce GTX 1050 Ti, 4 GB GDDR5 (128 bit),229990,5-6-2022
NVIDIA Quadro T600, 4 GB GDDR6 (128 bit),229990,5-6-2022
NVIDIA GeForce GTX 1050 Ti, 4 GB GDDR5 (128 bit),229990,5-6-2022
NVIDIA GeForce GTX 1050 Ti, 4 GB GDDR5 (128 bit),229990,5-6-2022
NVIDIA GeForce GTX 1050 Ti, 4 GB GDDR5 (128 bit),237386,5-6-2022
AMD Radeon RX 560, 4 GB GDDR5 (128 bit),249900,5-6-2022
NVIDIA GeForce GTX 1650 (GDDR5), 4 GB GDDR5 (128 bit),249990,5-6-2022
NVIDIA GeForce GTX 1650 (GDDR6), 4 GB GDDR6 (128 bit),249990,5-6-2022
NVIDIA GeForce GTX 1650 (GDDR5), 4 GB GDDR5 (128 bit),249990,5-6-2022
AMD Radeon Pro WX 3200, 4 GB GDDR5 (128 bit),249990,5-6-2022
NVIDIA GeForce GTX 1650 (GDDR6), 4 GB GDDR6 (128 bit),254900,5-6-2022
NVIDIA GeForce GTX 1050 Ti, 4 GB GDDR5 (128 bit),256990,5-6-2022
NVIDIA GeForce GTX 1650 (GDDR5), 4 GB GDDR5 (128 bit),258900,5-6-2022
AMD Radeon RX 6500 XT, 4 GB GDDR6 (64 bit),258990,5-6-2022
AMD Radeon RX 6500 XT, 4 GB GDDR6 (64 bit),259461,5-6-2022
AMD Radeon RX 6500 XT, 4 GB GDDR6 (64 bit),259989,5-6-2022
NVIDIA GeForce GTX 1650 (GDDR5), 4 GB GDDR5 (128 bit),260900,5-6-2022
NVIDIA GeForce GTX 1650 (GDDR6), 4 GB GDDR6 (128 bit),263990,5-6-2022
NVIDIA GeForce GTX 1650 (GDDR6), 4 GB GDDR6 (128 bit),263990,5-6-2022
NVIDIA GeForce GTX 1650 (GDDR6), 4 GB GDDR6 (128 bit),265000,5-6-2022
NVIDIA GeForce GTX 1650 (GDDR5), 4 GB GDDR5 (128 bit),265514,5-6-2022
NVIDIA GeForce GTX 1650 (GDDR6), 4 GB GDDR6 (128 bit),269900,5-6-2022
AMD Radeon RX 6500 XT, 4 GB GDDR6 (64 bit),274900,5-6-2022
NVIDIA GeForce GTX 1650 (GDDR6), 4 GB GDDR6 (128 bit),275900,5-6-2022
NVIDIA GeForce GTX 1650 (GDDR6), 4 GB GDDR6 (128 bit),276990,5-6-2022
AMD Radeon RX 6500 XT, 4 GB GDDR6 (64 bit),278991,5-6-2022
NVIDIA GeForce GTX 1650 (GDDR6), 4 GB GDDR6 (128 bit),279990,5-6-2022
AMD Radeon RX 6500 XT, 4 GB GDDR6 (64 bit),283990,5-6-2022
NVIDIA GeForce GTX 1650 (GDDR5), 4 GB GDDR5 (128 bit),284872,5-6-2022
AMD Radeon RX 6500 XT, 4 GB GDDR6 (64 bit),285036,5-6-2022
NVIDIA GeForce GTX 1650 (GDDR6), 4 GB GDDR6 (128 bit),289990,5-6-2022
NVIDIA GeForce GTX 1650 Super, 4 GB GDDR6 (128 bit),289990,5-6-2022
NVIDIA GeForce GTX 1650 (GDDR6), 4 GB GDDR6 (128 bit),289990,5-6-2022
NVIDIA GeForce GTX 1650 (GDDR6), 4 GB GDDR6 (128 bit),292900,5-6-2022
NVIDIA GeForce GTX 1650 (GDDR5), 4 GB GDDR5 (128 bit),294492,5-6-2022
NVIDIA GeForce GTX 1650 (GDDR6), 4 GB GDDR6 (128 bit),299900,5-6-2022
NVIDIA GeForce GTX 1650 (GDDR5), 4 GB GDDR5 (128 bit),299990,5-6-2022
NVIDIA GeForce GTX 1650 (GDDR6), 4 GB GDDR6 (128 bit),299990,5-6-2022
NVIDIA GeForce GTX 1650 (GDDR6), 4 GB GDDR6 (128 bit),303872,5-6-2022
NVIDIA GeForce GTX 1660, 6 GB GDDR5 (192 bit),314990,5-6-2022
NVIDIA GeForce GTX 1660 Super, 6 GB GDDR6 (192 bit),319000,5-6-2022
AMD Radeon RX 6500 XT, 4 GB GDDR6 (64 bit),320990,5-6-2022
NVIDIA GeForce GTX 1660 Ti, 6 GB GDDR6 (192 bit),324900,5-6-2022
NVIDIA GeForce GTX 1660 Super, 6 GB GDDR6 (192 bit),327641,5-6-2022
NVIDIA GeForce GTX 1660 Super, 6 GB GDDR6 (192 bit),334500,5-6-2022
NVIDIA GeForce GTX 1660 Super, 6 GB GDDR6 (192 bit),335900,5-6-2022
NVIDIA GeForce GTX 1660 Ti, 6 GB GDDR6 (192 bit),336000,5-6-2022
NVIDIA GeForce GTX 1650 (GDDR6), 4 GB GDDR6 (128 bit),341080,5-6-2022
NVIDIA GeForce GTX 1660 Super, 6 GB GDDR6 (192 bit),348990,5-6-2022
NVIDIA GeForce RTX 3050, 8 GB GDDR6 (128 bit),349000,5-6-2022
NVIDIA GeForce GTX 1660 Ti, 6 GB GDDR6 (192 bit),349990,5-6-2022
NVIDIA GeForce GTX 1660, 6 GB GDDR5 (192 bit),354990,5-6-2022
NVIDIA GeForce GTX 1660, 6 GB GDDR5 (192 bit),358900,5-6-2022
NVIDIA GeForce GTX 1660 Super, 6 GB GDDR6 (192 bit),359000,5-6-2022
NVIDIA GeForce RTX 3050, 8 GB GDDR6 (128 bit),359000,5-6-2022
NVIDIA GeForce GTX 1660 Ti, 6 GB GDDR6 (192 bit),359990,5-6-2022
NVIDIA GeForce RTX 2060, 6 GB GDDR6 (192 bit),369000,5-6-2022
NVIDIA GeForce GTX 1660 Super, 6 GB GDDR6 (192 bit),375000,5-6-2022
NVIDIA GeForce RTX 2060, 6 GB GDDR6 (192 bit),377900,5-6-2022
NVIDIA GeForce GTX 1660 Super, 6 GB GDDR6 (192 bit),379900,5-6-2022
NVIDIA GeForce RTX 3050, 8 GB GDDR6 (128 bit),379990,5-6-2022
NVIDIA GeForce GTX 1660 Ti, 6 GB GDDR6 (192 bit),388990,5-6-2022
NVIDIA GeForce RTX 3050, 8 GB GDDR6 (128 bit),389000,5-6-2022
NVIDIA GeForce GTX 1650 Super, 4 GB GDDR6 (128 bit),389900,5-6-2022
NVIDIA GeForce GTX 1660 Super, 6 GB GDDR6 (192 bit),389899,5-6-2022
AMD Radeon RX 6500 XT, 4 GB GDDR6 (64 bit),389970,5-6-2022
NVIDIA GeForce RTX 2060, 6 GB GDDR6 (192 bit),389990,5-6-2022
NVIDIA GeForce GTX 1660 Super, 6 GB GDDR6 (192 bit),399000,5-6-2022
NVIDIA GeForce RTX 3050, 8 GB GDDR6 (128 bit),399000,5-6-2022
NVIDIA GeForce GTX 1660 Ti, 6 GB GDDR6 (192 bit),399900,5-6-2022
NVIDIA GeForce GTX 1660 Ti, 6 GB GDDR6 (192 bit),399990,5-6-2022
NVIDIA GeForce RTX 3050, 8 GB GDDR6 (128 bit),399990,5-6-2022
NVIDIA GeForce RTX 3050, 8 GB GDDR6 (128 bit),399990,5-6-2022
AMD Radeon RX 6600, 8 GB GDDR6 (128 bit),408900,5-6-2022
AMD Radeon RX 6600, 8 GB GDDR6 (128 bit),409900,5-6-2022
NVIDIA GeForce RTX 3050, 8 GB GDDR6 (128 bit),409990,5-6-2022
NVIDIA GeForce RTX 3050, 8 GB GDDR6 (128 bit),414989,5-6-2022
NVIDIA GeForce RTX 2060, 6 GB GDDR6 (192 bit),419990,5-6-2022
NVIDIA GeForce RTX 3050, 8 GB GDDR6 (128 bit),420000,5-6-2022
NVIDIA GeForce RTX 3050, 8 GB GDDR6 (128 bit),424000,5-6-2022
NVIDIA GeForce RTX 3050, 8 GB GDDR6 (128 bit),424000,5-6-2022
NVIDIA GeForce GTX 1660 Super, 6 GB GDDR6 (192 bit),424990,5-6-2022
NVIDIA GeForce RTX 3050, 8 GB GDDR6 (128 bit),429990,5-6-2022
AMD Radeon RX 6600, 8 GB GDDR6 (128 bit),439900,5-6-2022
NVIDIA GeForce RTX 3050, 8 GB GDDR6 (128 bit),439900,5-6-2022
NVIDIA GeForce RTX 3050, 8 GB GDDR6 (128 bit),439990,5-6-2022
NVIDIA GeForce RTX 2060, 6 GB GDDR6 (192 bit),439990,5-6-2022
NVIDIA GeForce GTX 1660 Ti, 6 GB GDDR6 (192 bit),442080,5-6-2022
NVIDIA GeForce RTX 3050, 8 GB GDDR6 (128 bit),444000,5-6-2022
NVIDIA GeForce RTX 3060, 12 GB GDDR6 (192 bit),449000,5-6-2022
AMD Radeon RX 6600, 8 GB GDDR6 (128 bit),449990,5-6-2022
NVIDIA GeForce RTX 3050, 8 GB GDDR6 (128 bit),449990,5-6-2022
NVIDIA GeForce RTX 2060, 12 GB GDDR6 (192 bit),449990,5-6-2022
NVIDIA GeForce RTX 2060, 12 GB GDDR6 (192 bit),449989,5-6-2022
AMD Radeon RX 6600, 8 GB GDDR6 (128 bit),449990,5-6-2022
AMD Radeon RX 6600 XT, 8 GB GDDR6 (128 bit),450014,5-6-2022
NVIDIA GeForce GTX 1660 Ti, 6 GB GDDR6 (192 bit),459990,5-6-2022
NVIDIA GeForce RTX 2060, 6 GB GDDR6 (192 bit),460000,5-6-2022
NVIDIA GeForce RTX 3050, 8 GB GDDR6 (128 bit),467990,5-6-2022
NVIDIA GeForce RTX 2060, 12 GB GDDR6 (192 bit),470000,5-6-2022
NVIDIA GeForce RTX 3050, 8 GB GDDR6 (128 bit),470250,5-6-2022
NVIDIA GeForce RTX 2060, 6 GB GDDR6 (192 bit),475000,5-6-2022
NVIDIA GeForce RTX 3060, 12 GB GDDR6 (192 bit),478000,5-6-2022
NVIDIA GeForce RTX 3060, 12 GB GDDR6 (192 bit),479990,5-6-2022
NVIDIA GeForce RTX 3060, 12 GB GDDR6 (192 bit),479990,5-6-2022
NVIDIA GeForce RTX 2060, 6 GB GDDR6 (192 bit),480000,5-6-2022
NVIDIA GeForce GTX 1660 Super, 6 GB GDDR6 (192 bit),484970,5-6-2022
AMD Radeon RX 6600, 8 GB GDDR6 (128 bit),484990,5-6-2022
NVIDIA GeForce RTX 2060, 12 GB GDDR6 (192 bit),489000,5-6-2022
NVIDIA GeForce RTX 2060, 12 GB GDDR6 (192 bit),489900,5-6-2022
NVIDIA GeForce RTX 3060, 12 GB GDDR6 (192 bit),489900,5-6-2022
NVIDIA GeForce GTX 1660 Ti, 6 GB GDDR6 (192 bit),489990,5-6-2022
NVIDIA GeForce RTX 3060, 12 GB GDDR6 (192 bit),497990,5-6-2022
AMD Radeon RX 6600 XT, 8 GB GDDR6 (128 bit),499900,5-6-2022
NVIDIA GeForce GTX 1660 Super, 6 GB GDDR6 (192 bit),499990,5-6-2022
NVIDIA CMP 30HX, 6 GB GDDR6 (192 bit),499990,5-6-2022
NVIDIA GeForce GTX 1660, 6 GB GDDR5 (192 bit),499990,5-6-2022
NVIDIA GeForce GTX 1660 Ti, 6 GB GDDR6 (192 bit),499990,5-6-2022
NVIDIA GeForce RTX 3060, 12 GB GDDR6 (192 bit),499990,5-6-2022
NVIDIA GeForce RTX 3060, 12 GB GDDR6 (192 bit),505421,5-6-2022
AMD Radeon RX 6600 XT, 8 GB GDDR6 (128 bit),508900,5-6-2022
NVIDIA GeForce RTX 3060, 12 GB GDDR6 (192 bit),514790,5-6-2022
NVIDIA GeForce RTX 3060, 12 GB GDDR6 (192 bit),524990,5-6-2022
NVIDIA GeForce GTX 1660 Super, 6 GB GDDR6 (192 bit),526882,5-6-2022
NVIDIA GeForce RTX 2060, 12 GB GDDR6 (192 bit),528900,5-6-2022
NVIDIA GeForce RTX 3060, 12 GB GDDR6 (192 bit),529000,5-6-2022
NVIDIA GeForce RTX 3060, 12 GB GDDR6 (192 bit),529000,5-6-2022
AMD Radeon RX 6650 XT, 8 GB GDDR6 (128 bit),529900,5-6-2022
NVIDIA GeForce RTX 3060, 12 GB GDDR6 (192 bit),529990,5-6-2022
NVIDIA GeForce RTX 3060, 12 GB GDDR6 (192 bit),530000,5-6-2022
AMD Radeon RX 6600 XT, 8 GB GDDR6 (128 bit),539990,5-6-2022
NVIDIA GeForce RTX 3050, 8 GB GDDR6 (128 bit),540042,5-6-2022
AMD Radeon RX 6600, 8 GB GDDR6 (128 bit),540990,5-6-2022
NVIDIA GeForce RTX 3060, 12 GB GDDR6 (192 bit),541781,5-6-2022
NVIDIA GeForce RTX 3060, 12 GB GDDR6 (192 bit),543392,5-6-2022
NVIDIA Quadro T1000, 4 GB GDDR6 (128 bit),549990,5-6-2022
NVIDIA GeForce RTX 2060, 12 GB GDDR6 (192 bit),550000,5-6-2022
NVIDIA GeForce RTX 2060, 6 GB GDDR6 (192 bit),554496,5-6-2022
NVIDIA GeForce RTX 3060, 12 GB GDDR6 (192 bit),564990,5-6-2022
AMD Radeon RX 6600, 8 GB GDDR6 (128 bit),568747,5-6-2022
AMD Radeon RX 6650 XT, 8 GB GDDR6 (128 bit),569990,5-6-2022
NVIDIA GeForce GTX 1660 Super, 6 GB GDDR6 (192 bit),577537,5-6-2022
NVIDIA GeForce RTX 3060 Ti, 8 GB GDDR6 (256 bit),579000,5-6-2022
AMD Radeon RX 6600 XT, 8 GB GDDR6 (128 bit),579900,5-6-2022
AMD Radeon RX 6600 XT, 8 GB GDDR6 (128 bit),579900,5-6-2022
AMD Radeon RX 6650 XT, 8 GB GDDR6 (128 bit),579990,5-6-2022
AMD Radeon RX 6600 XT, 8 GB GDDR6 (128 bit),580900,5-6-2022
NVIDIA GeForce RTX 3060, 12 GB GDDR6 (192 bit),579990,5-6-2022
NVIDIA GeForce RTX 3060, 12 GB GDDR6 (192 bit),590000,5-6-2022
NVIDIA GeForce RTX 3060 Ti, 8 GB GDDR6 (256 bit),599990,5-6-2022
NVIDIA GeForce RTX 3060, 12 GB GDDR6 (192 bit),599990,5-6-2022
AMD Radeon RX 6700 XT, 12 GB GDDR6 (192 bit),599990,5-6-2022
NVIDIA GeForce RTX 3060 Ti, 8 GB GDDR6 (256 bit),604990,5-6-2022
NVIDIA GeForce RTX 2060, 6 GB GDDR6 (192 bit),609990,5-6-2022
AMD Radeon RX 6700 XT, 12 GB GDDR6 (192 bit),614990,5-6-2022
NVIDIA GeForce RTX 3060, 12 GB GDDR6 (192 bit),622250,5-6-2022
AMD Radeon RX 6700 XT, 12 GB GDDR6 (192 bit),629990,5-6-2022
AMD Radeon RX 6700 XT, 12 GB GDDR6 (192 bit),629990,5-6-2022
NVIDIA GeForce RTX 3060 Ti, 8 GB GDDR6 (256 bit),635992,5-6-2022
AMD Radeon RX 6700 XT, 12 GB GDDR6 (192 bit),639990,5-6-2022
NVIDIA GeForce RTX 3060 Ti, 8 GB GDDR6 (256 bit),648999,5-6-2022
NVIDIA GeForce RTX 3060 Ti, 8 GB GDDR6 (256 bit),649900,5-6-2022
AMD Radeon RX 6700 XT, 12 GB GDDR6 (192 bit),649900,5-6-2022
NVIDIA GeForce RTX 3070, 8 GB GDDR6 (256 bit),649990,5-6-2022
NVIDIA GeForce RTX 3060 Ti, 8 GB GDDR6 (256 bit),650860,5-6-2022
NVIDIA GeForce RTX 2060, 6 GB GDDR6 (192 bit),654990,5-6-2022
AMD Radeon RX 6600 XT, 8 GB GDDR6 (128 bit),658789,5-6-2022
NVIDIA GeForce RTX 3060 Ti, 8 GB GDDR6 (256 bit),659000,5-6-2022
NVIDIA GeForce RTX 3060 Ti, 8 GB GDDR6 (256 bit),659480,5-6-2022
NVIDIA GeForce RTX 3060 Ti, 8 GB GDDR6 (256 bit),659990,5-6-2022
NVIDIA GeForce RTX 3060 Ti, 8 GB GDDR6 (256 bit),659990,5-6-2022
NVIDIA GeForce RTX 3070, 8 GB GDDR6 (256 bit),669000,5-6-2022
NVIDIA GeForce RTX 3070, 8 GB GDDR6 (256 bit),689000,5-6-2022
NVIDIA GeForce RTX 3070, 8 GB GDDR6 (256 bit),689990,5-6-2022
AMD Radeon RX 6700 XT, 16.0 GB GDDR6 (192 bit),699990,5-6-2022
NVIDIA GeForce RTX 3070, 8 GB GDDR6 (256 bit),699990,5-6-2022
NVIDIA GeForce RTX 3060 Ti, 8 GB GDDR6 (256 bit),699990,5-6-2022
AMD Radeon RX 6700 XT, 12 GB GDDR6 (192 bit),699990,5-6-2022
AMD Radeon RX 6700 XT, 12 GB GDDR6 (192 bit),699990,5-6-2022
NVIDIA GeForce RTX 3060 Ti, 8 GB GDDR6 (256 bit),705619,5-6-2022
NVIDIA GeForce RTX 3070, 8 GB GDDR6 (256 bit),719990,5-6-2022
AMD Radeon RX 6700 XT, 12 GB GDDR6 (192 bit),726360,5-6-2022
NVIDIA GeForce RTX 3070, 8 GB GDDR6 (256 bit),729990,5-6-2022
NVIDIA GeForce RTX 3060 Ti, 8 GB GDDR6 (256 bit),749900,5-6-2022
NVIDIA GeForce RTX 3070, 8 GB GDDR6 (256 bit),749990,5-6-2022
NVIDIA GeForce RTX 3060, 12 GB GDDR6 (192 bit),749990,5-6-2022
NVIDIA GeForce RTX 3070, 8 GB GDDR6 (256 bit),749990,5-6-2022
NVIDIA GeForce RTX 3070, 8 GB GDDR6 (256 bit),759900,5-6-2022
NVIDIA GeForce RTX 3060 Ti, 8 GB GDDR6 (256 bit),759990,5-6-2022
NVIDIA GeForce RTX 3070, 8 GB GDDR6 (256 bit),769990,5-6-2022
AMD Radeon RX 6700 XT, 12 GB GDDR6 (192 bit),785990,5-6-2022
AMD Radeon RX 6700 XT, 12 GB GDDR6 (192 bit),789500,5-6-2022
AMD Radeon RX 6750 XT, 12 GB GDDR6 (128 bit),789900,5-6-2022
NVIDIA GeForce RTX 3070, 8 GB GDDR6 (256 bit),789990,5-6-2022
NVIDIA GeForce RTX 3060 Ti, 8 GB GDDR6 (256 bit),799990,5-6-2022
NVIDIA GeForce RTX 3070, 8 GB GDDR6 (256 bit),799990,5-6-2022
NVIDIA GeForce RTX 3070 Ti, 8 GB GDDR6X (256 bit),819990,5-6-2022
NVIDIA GeForce RTX 3070, 8 GB GDDR6 (256 bit),819990,5-6-2022
AMD Radeon RX 6700 XT, 12 GB GDDR6 (192 bit),834990,5-6-2022
NVIDIA GeForce RTX 3070, 8 GB GDDR6 (256 bit),835050,5-6-2022
NVIDIA GeForce RTX 3070, 8 GB GDDR6 (256 bit),849000,5-6-2022
NVIDIA GeForce RTX 3070 Ti, 8 GB GDDR6X (256 bit),849990,5-6-2022
NVIDIA GeForce RTX 3070 Ti, 8 GB GDDR6X (256 bit),849990,5-6-2022
NVIDIA GeForce RTX 3070, 8 GB GDDR6 (256 bit),850000,5-6-2022
NVIDIA GeForce RTX 3060 Ti, 8 GB GDDR6 (256 bit),854990,5-6-2022
NVIDIA GeForce RTX 3070, 8 GB GDDR6 (256 bit),859990,5-6-2022
NVIDIA GeForce RTX 3060 Ti, 8 GB GDDR6 (256 bit),873690,5-6-2022
NVIDIA GeForce RTX 3070 Ti, 8 GB GDDR6X (256 bit),878990,5-6-2022
NVIDIA GeForce RTX 3070 Ti, 8 GB GDDR6X (256 bit),884979,5-6-2022
NVIDIA GeForce RTX 3070 Ti, 8 GB GDDR6X (256 bit),887992,5-6-2022
NVIDIA GeForce RTX 3060 Ti, 8 GB GDDR6 (256 bit),889990,5-6-2022
AMD Radeon RX 6700 XT, 12 GB GDDR6 (192 bit),898900,5-6-2022
NVIDIA GeForce RTX 3070 Ti, 8 GB GDDR6X (256 bit),899900,5-6-2022
AMD Radeon RX 6700 XT, 12 GB GDDR6 (192 bit),899990,5-6-2022
AMD Radeon RX 6700 XT, 12 GB GDDR6 (192 bit),900045,5-6-2022
NVIDIA GeForce RTX 3070, 8 GB GDDR6 (256 bit),919990,5-6-2022
NVIDIA GeForce RTX 3070, 8 GB GDDR6 (256 bit),919990,5-6-2022
AMD Radeon RX 6700 XT, 12 GB GDDR6 (192 bit),929900,5-6-2022
AMD Radeon RX 6800, 16.0 GB GDDR6 (256 bit),929990,5-6-2022
NVIDIA GeForce RTX 3070 Ti, 8 GB GDDR6X (256 bit),939990,5-6-2022
NVIDIA GeForce RTX 3070 Ti, 8 GB GDDR6X (256 bit),949990,5-6-2022
NVIDIA GeForce RTX 3070, 8 GB GDDR6 (256 bit),959990,5-6-2022
NVIDIA GeForce RTX 3070 Ti, 8 GB GDDR6X (256 bit),959990,5-6-2022
NVIDIA GeForce RTX 3070 Ti, 8 GB GDDR6X (256 bit),969900,5-6-2022
AMD Radeon RX 6800 XT, 16.0 GB GDDR6 (256 bit),979990,5-6-2022
NVIDIA GeForce RTX 3080, 10.0 GB GDDR6X (320 bit),998120,5-6-2022
AMD Radeon RX 6800 XT, 16.0 GB GDDR6 (256 bit),999900,5-6-2022
NVIDIA GeForce RTX 3070 Ti, 8 GB GDDR6X (256 bit),999900,5-6-2022
AMD Radeon RX 6700 XT, 12 GB GDDR6 (192 bit),999985,5-6-2022
NVIDIA GeForce RTX 3070 Ti, 8 GB GDDR6X (256 bit),999990,5-6-2022
NVIDIA GeForce RTX 3070 Ti, 8 GB GDDR6X (256 bit),999990,5-6-2022
NVIDIA GeForce RTX 3070 Ti, 8 GB GDDR6X (256 bit),1042378,5-6-2022
AMD Radeon RX 6700 XT, 12 GB GDDR6 (192 bit),1048990,5-6-2022
NVIDIA GeForce RTX 3070 Ti, 8 GB GDDR6X (256 bit),1050000,5-6-2022
NVIDIA GeForce RTX 3060 Ti, 8 GB GDDR6 (256 bit),1050000,5-6-2022
AMD Radeon RX 6800 XT, 16.0 GB GDDR6 (256 bit),1059900,5-6-2022
AMD Radeon RX 6700 XT, 12 GB GDDR6 (192 bit),1070000,5-6-2022
NVIDIA GeForce RTX 3080, 10.0 GB GDDR6X (320 bit),1099990,5-6-2022
NVIDIA GeForce RTX 3080, 10.0 GB GDDR6X (320 bit),1099990,5-6-2022
NVIDIA GeForce RTX 3070 Ti, 8 GB GDDR6X (256 bit),1129900,5-6-2022
NVIDIA GeForce RTX 3080, 10.0 GB GDDR6X (320 bit),1139948,5-6-2022
NVIDIA GeForce RTX 3070, 8 GB GDDR6 (256 bit),1157890,5-6-2022
NVIDIA GeForce RTX 3080, 10.0 GB GDDR6X (320 bit),1159990,5-6-2022
AMD Radeon RX 6900 XT, 16.0 GB GDDR6 (256 bit),1179990,5-6-2022
NVIDIA GeForce RTX 3080, 10.0 GB GDDR6X (320 bit),1187291,5-6-2022
AMD Radeon RX 6800, 16.0 GB GDDR6 (256 bit),1188990,5-6-2022
NVIDIA GeForce RTX 3080, 10.0 GB GDDR6X (320 bit),1199990,5-6-2022
NVIDIA GeForce RTX 3080, 12 GB GDDR6X (384 bit),1199990,5-6-2022
NVIDIA GeForce RTX 3080, 10.0 GB GDDR6X (320 bit),1199990,5-6-2022
NVIDIA Quadro A4000, 16.0 GB GDDR6 (256 bit),1224290,5-6-2022
AMD Radeon RX 6800 XT, 16.0 GB GDDR6 (256 bit),1249900,5-6-2022
AMD Radeon RX 6900 XT, 16.0 GB GDDR6 (256 bit),1249900,5-6-2022
NVIDIA GeForce RTX 3080, 10.0 GB GDDR6X (320 bit),1281900,5-6-2022
NVIDIA GeForce RTX 3080, 12 GB GDDR6X (384 bit),1290000,5-6-2022
NVIDIA GeForce RTX 3080, 10.0 GB GDDR6X (320 bit),1299000,5-6-2022
NVIDIA GeForce RTX 3080, 12 GB GDDR6X (384 bit),1299990,5-6-2022
AMD Radeon RX 6900 XT, 16.0 GB GDDR6 (256 bit),1320177,5-6-2022
NVIDIA GeForce RTX 3080, 10.0 GB GDDR6X (320 bit),1346616,5-6-2022
NVIDIA GeForce RTX 3070 Ti, 8 GB GDDR6X (256 bit),1353741,5-6-2022
NVIDIA GeForce RTX 3080 Ti, 12 GB GDDR6X (320 bit),1379900,5-6-2022
NVIDIA GeForce RTX 3080, 10.0 GB GDDR6X (320 bit),1399990,5-6-2022
NVIDIA GeForce RTX 3080, 10.0 GB GDDR6X (320 bit),1399990,5-6-2022
AMD Radeon RX 6900 XT, 16.0 GB GDDR6 (256 bit),1435900,5-6-2022
NVIDIA GeForce RTX 3080, 12 GB GDDR6X (384 bit),1450000,5-6-2022
AMD Radeon RX 6900 XT, 16.0 GB GDDR6 (256 bit),1485990,5-6-2022
AMD Radeon RX 6900 XT, 16.0 GB GDDR6 (256 bit),1490990,5-6-2022
NVIDIA GeForce RTX 3080, 12 GB GDDR6X (384 bit),1498980,5-6-2022
AMD Radeon RX 6900 XT, 16.0 GB GDDR6 (256 bit),1499000,5-6-2022
NVIDIA GeForce RTX 3080 Ti, 12 GB GDDR6X (320 bit),1499900,5-6-2022
NVIDIA GeForce RTX 3080 Ti, 12 GB GDDR6X (384 bit),1499990,5-6-2022
NVIDIA GeForce RTX 3080, 10.0 GB GDDR6X (320 bit),1529990,5-6-2022
NVIDIA GeForce RTX 3080 Ti, 12 GB GDDR6X (384 bit),1539900,5-6-2022
NVIDIA GeForce RTX 3080 Ti, 12 GB GDDR6X (384 bit),1541990,5-6-2022
NVIDIA GeForce RTX 3080 Ti, 12 GB GDDR6X (320 bit),1549990,5-6-2022
NVIDIA GeForce RTX 3080, 12 GB GDDR6X (384 bit),1550000,5-6-2022
AMD Radeon RX 6800 XT, 16.0 GB GDDR6 (256 bit),1599990,5-6-2022
NVIDIA GeForce RTX 3080, 10.0 GB GDDR6X (320 bit),1599990,5-6-2022
NVIDIA GeForce RTX 3080 Ti, 12 GB GDDR6X (384 bit),1699900,5-6-2022
NVIDIA GeForce RTX 3080 Ti, 12 GB GDDR6X (384 bit),1699990,5-6-2022
NVIDIA GeForce RTX 3080 Ti, 12 GB GDDR6X (384 bit),1699990,5-6-2022
AMD Radeon RX 6900 XT, 16.0 GB GDDR6 (256 bit),1702290,5-6-2022
NVIDIA GeForce RTX 3080, 10.0 GB GDDR6X (320 bit),1727900,5-6-2022
AMD Radeon RX 6900 XT, 16.0 GB GDDR6 (256 bit),1756790,5-6-2022
NVIDIA GeForce RTX 3080 Ti, 12 GB GDDR6X (320 bit),1759990,5-6-2022
NVIDIA GeForce RTX 3080 Ti, 12 GB GDDR6X (320 bit),1798980,5-6-2022
AMD Radeon RX 6900 XT, 16.0 GB GDDR6 (256 bit),1800990,5-6-2022
NVIDIA GeForce RTX 3080 Ti, 12 GB GDDR6X (320 bit),1820990,5-6-2022
NVIDIA GeForce RTX 3080 Ti, 12 GB GDDR6X (384 bit),1889990,5-6-2022
NVIDIA GeForce RTX 3080 Ti, 12 GB GDDR6X (384 bit),1994000,5-6-2022
NVIDIA GeForce RTX 3080 Ti, 12 GB GDDR6X (320 bit),1994991,5-6-2022
AMD Radeon RX 6900 XT, 16.0 GB GDDR6 (256 bit),1999990,5-6-2022
NVIDIA GeForce RTX 3080 Ti, 12 GB GDDR6X (320 bit),2023846,5-6-2022
AMD Radeon RX 6900 XT, 16.0 GB GDDR6 (256 bit),2088990,5-6-2022
NVIDIA GeForce RTX 3090 Ti, 24.0 GB GDDR6X (384 bit),2099000,5-6-2022
NVIDIA GeForce RTX 3090, 24.0 GB GDDR6X (384 bit),2099000,5-6-2022
AMD Radeon RX 6800, 16.0 GB GDDR6 (256 bit),2099990,5-6-2022
NVIDIA GeForce RTX 3090, 24.0 GB GDDR6X (384 bit),2099990,5-6-2022
NVIDIA GeForce RTX 3080 Ti, 12 GB GDDR6X (384 bit),2149900,5-6-2022
NVIDIA GeForce RTX 3090, 24.0 GB GDDR6X (384 bit),2199900,5-6-2022
NVIDIA GeForce RTX 3090, 24.0 GB GDDR6X (384 bit),2199990,5-6-2022
NVIDIA GeForce RTX 3090, 24.0 GB GDDR6X (384 bit),2259900,5-6-2022
NVIDIA GeForce RTX 3090, 24.0 GB GDDR6X (384 bit),2299990,5-6-2022
NVIDIA GeForce RTX 3090 Ti, 24.0 GB GDDR6X (384 bit),2299990,5-6-2022
NVIDIA GeForce RTX 3090, 24.0 GB GDDR6X (384 bit),2300000,5-6-2022